run_id,attempt_id,group,lora_rank,learning_rate,num_train_epochs,status,final_loss,last_100_loss_mean,train_runtime_seconds,train_runtime_hhmmss,wall_clock_runtime_seconds,wall_clock_runtime_hhmmss,sampled_peak_gpu_memory_mib,optimizer_steps,expected_optimizer_steps,adapter_size_bytes,adapter_path,source_config_sha256,runtime_config_sha256,exit_code
rank-r8,attempt-001,rank,8,0.0001,3.0,completed,0.9714,1.061565,11495.892,03:11:36,11523.30006393604,03:12:03,21096,3747,3747,80792096,runs/rank-r8/attempt-001/adapter,a9c8295c986fc470f32848ef93a0acb6c249d24f2119aee8e819d1d72e0899e1,9a04f697c5deb1ba01692dae52081f0ec48fb1fd513caa2ea07c3788a3a6ca9b,0
rank-r32,attempt-001,rank,32,0.0001,3.0,completed,0.9925,1.0891470000000003,11530.9533,03:12:11,11563.407829640433,03:12:43,21836,3747,3747,323014168,runs/rank-r32/attempt-001/adapter,e22b44bc36ddc633f2fd14e518ef6b80dee71a7de5d8a28728db47c82a5f197d,6428afaa5f82b2a313de0852c789455cf100203431bdbf4730929dfd9c8e7b6b,0
rank-r64,attempt-001,rank,64,0.0001,3.0,completed,0.9968,1.101392,11625.6757,03:13:46,11655.72122742422,03:14:16,22682,3747,3747,645975704,runs/rank-r64/attempt-001/adapter,99a729dbc5a02a6f09be0f45616df70bda47de76c1b1511c940c76799a341fbf,092000e492744644f7450596caf3a0ba110ff47b8b0da05fb8095edb1906721b,0
lr-1e-4,attempt-001,learning_rate,8,0.0001,3.0,completed,0.9701,1.0631740000000003,11458.0616,03:10:58,11484.801687737927,03:11:25,21096,3747,3747,80792096,runs/lr-1e-4/attempt-001/adapter,060b08f4d790f2506ed5fc0c160807e6e8fec356180000ee486a180fe3667d1f,26d3e19c545772d0a168ae75175aef449e62c7923fb3853fc05869a2d6b432df,0
lr-2e-4,attempt-001,learning_rate,8,0.0002,3.0,completed,0.9056,0.8769060000000001,11487.4897,03:11:27,11513.530184721574,03:11:54,21096,3747,3747,80792096,runs/lr-2e-4/attempt-001/adapter,9ca1af88d6a296c6121537600aa64089a809434271dcb8ed4fa01cce9d2575af,de700f1696942afd82bf69d52518ee3b09b9e9f1bfbfbdcdb07b854993cef077,0
lr-5e-5,attempt-001,learning_rate,8,5e-05,3.0,completed,1.0299,1.166453,11482.4383,03:11:22,11507.786556618288,03:11:48,21096,3747,3747,80792096,runs/lr-5e-5/attempt-001/adapter,d984c8cc75c9eb823114dcfd3007639488e6117ba38bb840257a4012d00d948a,865137c09de70eb43e64452ff7266bb32fb65699150426adabf57526dcd586ed,0
epoch-e2,attempt-001,epoch,8,0.0001,2.0,completed,1.3368,1.25065,7643.6012,02:07:24,7669.02243950218,02:07:49,21096,2498,2498,80792096,runs/epoch-e2/attempt-001/adapter,c3437d471349838e89726e3e7bbce8060fb402a6952d77c8f9548797f2e00dbb,48503d31796bf73454d702750d695e4b6076c53acdc7c668627e69f0201d3ebd,0
epoch-e3,attempt-001,epoch,8,0.0001,3.0,completed,0.9744,1.0619319999999997,11471.0034,03:11:11,11496.253118995577,03:11:36,21096,3747,3747,80792096,runs/epoch-e3/attempt-001/adapter,e5754ff9fcd7c3596c4aad9c322588b9c8cb2eef00008e0295558bc60581ced6,ec19bc35421ceb536c91c1e899869735c67121f564b2bfc2620645a585692961,0
epoch-e5,attempt-001,epoch,8,0.0001,5.0,completed,0.9867,0.6275959999999998,19137.1681,05:18:57,19165.23054677993,05:19:25,21096,6245,6245,80792096,runs/epoch-e5/attempt-001/adapter,ff1e5c0584dc044f69033c434db78533a0823269ad1903da2f86aecd6fa762d7,8a326f58295cba2994803cace8244cc12d422e2383ae8d94cfca2a7206c1b849,0
