prompt_id,prompt_text,candidate_label,response
w4-eval-business-01,客户反馈导出的报表缺少最近一天数据。请给出一份包含澄清问题、排查顺序和客户沟通措辞的处理方案。,A,"处理方案：
1. 澄清问题：首先，我们需要与客户取得联系，了解他们反馈的问题。我们需要确认他们所使用的报表类型、时间范围以及是否在正确的时间范围内选择了“导出”选项。我们还需要确认他们是否已经检查过报表的日期范围，以确保报表中没有遗漏最近一天的数据。
2. 排查顺序：如果客户反馈的问题无法通过澄清解决，我们需要开始排查问题。我们首先需要检查系统的时间设置，以确保系统时间与实际时间一致。然后，我们需要检查报表生成的设置，以确保报表生成的时间范围包括了最近一天。我们还需要检查数据源，以确保数据源中记录了最近一天的数据。
3. 客户沟通措辞：在与客户沟通时，我们需要保持耐心和专业。我们可以使用以下措辞与客户沟通：
“非常感谢您反馈这个问题。我们非常抱歉给您带来了不便。为了更好地了解问题所在，我们希望您能提供一些额外的信息。请问您所使用的报表类型是什么？时间范围是多久？您是否确认在导出报表时选择了正确的日期范围？此外，您能否检查一下报表的日期范围，以确认报表中是否缺少最近一天的数据？如果您愿意，您也可以将报表发送给我们，我们将尽快查看并解决这个问题。”
总之，我们需要与客户保持沟通，了解他们的问题并尽快解决。我们还需要检查系统设置和数据源，以确保问题得到解决。"
w4-eval-business-01,客户反馈导出的报表缺少最近一天数据。请给出一份包含澄清问题、排查顺序和客户沟通措辞的处理方案。,B,"处理方案：
1. 澄清问题：首先，我们需要与客户取得联系，了解他们反馈的问题。我们可以说：“非常感谢您反馈这个问题，我们非常重视您的意见。请问您能否提供一下您导出报表的时间和具体日期，以及您所使用的软件和版本，以便我们更好地了解问题所在？”。
2. 排查顺序：在收到客户提供的信息后，我们需要尽快排查问题。我们可以按照以下顺序进行排查：
* 检查客户使用的软件版本是否为最新版本，如果不是，请客户更新到最新版本。
* 检查客户导出报表的时间和具体日期是否正确，如果日期有误，请客户重新导出报表。
* 检查客户使用的数据源是否正确，如果数据源有误，请客户检查并重新导出报表。
* 如果以上排查均无果，我们需要进一步收集客户的相关信息，以便进行更深入的排查。
3. 客户沟通措辞：在与客户沟通时，我们需要保持耐心和友好，同时清晰地表达我们的排查思路和措施。我们可以这样回复客户：“非常感谢您反馈这个问题，我们非常重视您的意见。我们已经记录了您提供的信息，并开始排查问题。我们排查的顺序是先检查软件版本和导出时间，再检查数据源。如果排查均无果，我们将进一步收集您相关的信息。我们会尽快解决这个问题，并及时与您联系。”
希望以上方案对您有所帮助。"
w4-eval-business-02,团队准备把一个旧版 REST 接口迁移到新版。请制定兼容、灰度、监控和回滚计划。,A,"以下是将旧版 REST API 迁移到新版 REST API 的兼容、灰度、监控和回滚计划：
1. 兼容计划：
* 与旧版 API 相同，创建一个过渡期，以允许同时使用新版和旧版 API。
* 在过渡期期间，更新所有客户端以使用新版 API。
* 通过旧版 API 的日志记录和监控来跟踪 API 调用的流量。
* 一旦所有客户端都更新为使用新版 API，就可以退役旧版 API。
2. 灰度计划：
* 通过创建一个过渡期来实现灰度，以允许同时使用新版和旧版 API。
* 在过渡期期间，将一部分流量路由到新版 API，其余的流量路由到旧版 API。
* 根据新版 API 的性能和可靠性跟踪日志记录和监控。
* 一旦新版 API 稳定可靠，就可以逐渐增加流量，最终完全迁移所有流量到新版 API。
3. 监控计划：
* 在过渡期期间，同时监控旧版和新版 API。
* 使用工具跟踪 API 调用的性能、成功率和延迟。
* 监控日志记录以识别任何错误或异常情况。
* 通过监控来跟踪过渡期的流量模式，以确保平稳过渡。
4. 回滚计划：
* 在过渡期期间，保持旧版 API 的副本可用。
* 如果新版 API 出现任何问题或可靠性问题，可以将流量重新路由回旧版 API。
* 一旦重新路由了流量并稳定了旧版 API，就可以退役过渡期。
总之，通过创建过渡期、跟踪日志记录和监控、同时监控旧版和新版 API，以及在必要时重新路由流量回旧版 API，可以确保平稳、无中断的 REST API 迁移。"
w4-eval-business-02,团队准备把一个旧版 REST 接口迁移到新版。请制定兼容、灰度、监控和回滚计划。,B,"以下是将旧版 REST API 迁移到新版 REST API 的兼容、灰度、监控和回滚计划：
1. 兼容计划：
* 与旧版 API 相同，创建一个过渡期，以允许同时使用新版和旧版 API。
* 在过渡期期间，更新所有客户端以使用新版 API。
* 通过旧版 API 的日志记录和监控来跟踪 API 调用的流量。
* 一旦所有客户端都更新为使用新版 API，就可以退役旧版 API。
2. 灰度计划：
* 通过创建一个过渡期来实现灰度，以允许同时使用新版和旧版 API。
* 在过渡期期间，将一部分流量路由到新版 API，其余的流量路由到旧版 API。
* 通过旧版 API 的日志记录和监控来跟踪 API 调用的流量。
* 根据监控数据评估新版 API 的性能和可靠性。
* 一旦新版 API 显示出稳定性和性能的可靠性，就可以逐渐增加流量，直到全部流量都路由到新版 API。
3. 监控计划：
* 通过旧版 API 的日志记录和监控来跟踪 API 调用的流量。
* 监控新版 API 的性能和可靠性。
* 监控客户端与新版 API 之间的交互。
* 监控过渡期期间的错误率和异常情况。
4. 回滚计划：
* 在过渡期期间，保持旧版 API 的副本可用。
* 如果新版 API 出现任何问题，可以迅速将流量恢复到旧版 API。
* 在回滚情况下，更新所有客户端以重新使用旧版 API。
* 一旦所有客户端都更新为重新使用旧版 API，就可以退役新版 API。
总的来说，这个计划通过创建过渡期、监控性能和可靠性、以及在必要时进行回滚来确保平稳过渡。"
w4-eval-business-03,一批客服文本存在重复、空值和手机号。请写出清洗流程，并说明每一步怎样验证。,A,"1. 验证数据完整性：在清洗数据之前，需要确保数据的完整性，即数据不存在丢失或损坏的情况。可以通过检查数据文件的完整性校验码或进行数据校验来实现。

2. 去除空值：清洗数据时需要去除空值，因为空值无法用于分析或处理。可以通过筛选或数据清洗软件中的“删除空值”功能来去除空值。

3. 去除重复数据：清洗数据时需要去除重复数据，因为重复数据会干扰分析结果。可以通过筛选或数据清洗软件中的“删除重复数据”功能来去除重复数据。

4. 清洗手机号：清洗数据时需要清洗手机号，因为手机号需要进行脱敏处理以保护用户隐私。可以通过正则表达式或数据清洗软件中的“脱敏”功能来清洗手机号。

每一步的验证方法：

1. 验证数据完整性可以通过检查数据文件的完整性校验码或进行数据校验来实现。

2. 去除空值可以通过筛选或数据清洗软件中的“删除空值”功能来验证。

3. 去除重复数据可以通过筛选或数据清洗软件中的“删除重复数据”功能来验证。

4. 清洗手机号可以通过正则表达式或数据清洗软件中的“脱敏”功能来验证。可以使用一些常用的正则表达式来匹配手机号，例如 ^1[3-9]\d{9}$，并使用脱敏功能将手机号中的部分数字替换为*号。验证清洗后的数据是否符合预期，即可验证清洗是否成功。"
w4-eval-business-03,一批客服文本存在重复、空值和手机号。请写出清洗流程，并说明每一步怎样验证。,B,"1. 验证数据完整性：在清洗数据之前，需要确保数据的完整性，即数据不存在丢失或损坏的情况。可以通过检查数据文件的完整性校验码或进行数据校验来实现。

2. 去除重复数据：清洗数据时需要去除重复数据，以确保数据的准确性。可以通过建立数据字典或使用数据清洗软件中的去重功能来实现。

3. 清除空值：清洗数据时需要清除空值，以确保数据的准确性。可以通过数据清洗软件中的空值检查和清除功能来实现。

4. 验证手机号码：清洗数据时需要验证手机号码，以确保数据的准确性。可以通过数据清洗软件中的手机号码验证功能来实现，也可以使用第三方的手机号码验证API进行验证。

每一步的验证可以通过数据清洗软件中的数据校验功能来实现，也可以通过编写脚本或使用命令行工具进行数据校验。在清洗完成后，可以对清洗后的数据进行数据校验，以确保数据清洗的准确性。"
w4-eval-business-04,请把一次线上延迟事故整理成管理层可读的复盘摘要，区分事实、影响、根因假设和后续行动。,A,"标题：延迟事故的回顾摘要
介绍：
我们在此回顾一次延迟事故，该事故发生在[日期]，对我们的服务产生了重大影响。本文件旨在总结事件的事实、对我们的服务产生的影响、根原因假设以及我们计划采取的后续行动。
事实：
* 事故发生在[日期]，持续时间约为[时间]。
* 事故导致我们的服务延迟了[时间]。
* 事故的原因是[原因]。
* 事故被检测到并报告的时间是[时间]。
影响：
* 事故导致我们的许多用户报告服务延迟和不可用。
* 事故对我们的用户产生了负面影响，他们报告了失望和不满。
* 事故对我们的服务的SLA（服务水平协议）产生了负面影响。
根原因假设：
* 假设1：[假设1]
* 假设2：[假设2]
* 假设3：[假设3]
后续行动：
* 行动1：[行动1]
* 行动2：[行动2]
* 行动3：[行动3]
结论：
我们承认此次事故对我们的用户和我们服务的SLA产生的负面影响。我们正在调查根原因并采取必要的行动来解决此问题并防止将来发生类似事故。"
w4-eval-business-04,请把一次线上延迟事故整理成管理层可读的复盘摘要，区分事实、影响、根因假设和后续行动。,B,"标题：延迟事故的回顾摘要
介绍：
我们在此回顾一次延迟事故，该事故发生在[日期]，对我们的服务产生了重大影响。本文件旨在总结事件的事实、对我们的服务产生的影响、根原因假设以及我们计划采取的后续行动。
事实：
* 事故发生在[日期]，持续时间约为[时间]。
* 事故导致我们的服务延迟了[时间]。
* 事故发生在我们的[系统/平台]中。
* 事故的原因是[原因]。
影响：
* 事故导致我们的许多用户报告服务延迟。
* 事故导致我们的用户投诉率增加。
* 事故导致我们的收入减少。
根原因假设：
* 我们的[系统/平台]中发生的[问题]导致了事故。
* 我们的[系统/平台]的容量不足导致了事故。
* 我们的[系统/平台]中的配置错误导致了事故。
后续行动：
* 我们将审查我们的[系统/平台]容量，并根据需要进行调整。
* 我们将审查我们的[系统/平台]配置，并根据需要进行调整。
* 我们将实施新的监控机制，以更早地检测到潜在的问题。
* 我们将对我们的员工进行培训，以确保他们了解我们的事故应对计划。
结论：
虽然这次事故对我们造成了重大影响，但我们已准备好采取必要的行动来防止类似事故再次发生。我们致力于确保我们的服务对我们的用户来说尽可能可靠和有弹性的。"
w4-eval-business-05,将三个模型版本的名称、准确率、推理延迟和是否通过安全门禁输出为合法 JSON 数组，不要添加额外说明。,A,"[{""name"":""model_v1"",""accuracy"":85,""inference_delay"":100,""secure_gate_passed"":true},{""name"":""model_v2"",""accuracy"":90,""inference_delay"":150,""secure_gate_passed"":true},{""name"":""model_v3"",""accuracy"":95,""inference_delay"":200,""secure_gate_passed"":false}]"
w4-eval-business-05,将三个模型版本的名称、准确率、推理延迟和是否通过安全门禁输出为合法 JSON 数组，不要添加额外说明。,B,"[{""name"":""model_v1"",""accuracy"":85,""inference_delay"":100,""secure_gate_passed"":true},{""name"":""model_v2"",""accuracy"":90,""inference_delay"":150,""secure_gate_passed"":true},{""name"":""model_v3"",""accuracy"":95,""inference_delay"":200,""secure_gate_passed"":false}]"
