author,canonical_download_url,category,download_url,expected_file_bytes,expected_sha256,file_bytes,height,image_format,image_id,image_relative_path,legacy_image_relative_path,license,license_url,mime_type,provenance_role,repository,sha256,source_page_url,source_path,source_revision,source_revision_kind,split,width
Our World in Data / Global Change Data Lab,,chart_table,https://ourworldindata.org/grapher/life-expectancy-vs-health-expenditure.png,,,77018,600,PNG,chart_table-v7-dev-01,images_v7/dev/chart_table-v7-dev-01.png,,CC-BY-4.0,https://ourworldindata.org/faqs#can-i-reuse-or-republish-your-charts,image/png,new_v7_heldout_bytes,our-world-in-data-grapher,9e5ea0df0d658382c6fcc7605a3bfe19e982cd89f9b0cebb21d84532b5f1951c,https://ourworldindata.org/grapher/life-expectancy-vs-health-expenditure,life-expectancy-vs-health-expenditure,2026-08-21,retrieval_date,dev,850
Our World in Data / Global Change Data Lab,,chart_table,https://ourworldindata.org/grapher/co-emissions-per-capita.png,,,83406,600,PNG,chart_table-v7-dev-02,images_v7/dev/chart_table-v7-dev-02.png,,CC-BY-4.0,https://ourworldindata.org/faqs#can-i-reuse-or-republish-your-charts,image/png,new_v7_heldout_bytes,our-world-in-data-grapher,b536b762301314f02087cd6fc42696cafd66a2c0d3a5de12cdcfa957f024fa73,https://ourworldindata.org/grapher/co-emissions-per-capita,co-emissions-per-capita,2026-08-21,retrieval_date,dev,850
PaddleOCR contributors,https://raw.githubusercontent.com/PaddlePaddle/PaddleOCR/2661c7c0ef5c613e8f93c6e93b2e052399f0f854/tests/test_files/doc_with_formula.png,formula,https://cdn.jsdelivr.net/gh/PaddlePaddle/PaddleOCR@2661c7c0ef5c613e8f93c6e93b2e052399f0f854/tests/test_files/doc_with_formula.png,,,493450,1056,PNG,formula-v7-dev-01,images_v7/dev/formula-v7-dev-01.png,,Apache-2.0,https://github.com/PaddlePaddle/PaddleOCR/blob/2661c7c0ef5c613e8f93c6e93b2e052399f0f854/LICENSE,image/png,new_v7_heldout_bytes,paddleocr,6b07d28527dc9e930804fa73df562f1a81599c6b8a1a8bbc2a80742fa9f26e80,https://github.com/PaddlePaddle/PaddleOCR/blob/2661c7c0ef5c613e8f93c6e93b2e052399f0f854/tests/test_files/doc_with_formula.png,tests/test_files/doc_with_formula.png,2661c7c0ef5c613e8f93c6e93b2e052399f0f854,git_commit,dev,816
BreezeDeus and Pix2Text contributors,https://raw.githubusercontent.com/breezedeus/Pix2Text/f881e9df93d1ee6e90e823a66776ae0bb501f810/docs/examples/mixed.jpg,formula,https://cdn.jsdelivr.net/gh/breezedeus/Pix2Text@f881e9df93d1ee6e90e823a66776ae0bb501f810/docs/examples/mixed.jpg,,,82176,310,JPEG,formula-v7-dev-02,images_v7/dev/formula-v7-dev-02.jpg,,MIT,https://github.com/breezedeus/Pix2Text/blob/f881e9df93d1ee6e90e823a66776ae0bb501f810/LICENSE,image/jpeg,new_v7_heldout_bytes,pix2text,95bebef9d42664677b061f8dbea91c68c14c4bd5334cb451287883a32793283e,https://github.com/breezedeus/Pix2Text/blob/f881e9df93d1ee6e90e823a66776ae0bb501f810/docs/examples/mixed.jpg,docs/examples/mixed.jpg,f881e9df93d1ee6e90e823a66776ae0bb501f810,git_commit,dev,1544
Bonnie Moreland,,natural_scene,https://commons.wikimedia.org/wiki/Special:Redirect/file/Lake%20Mountain%20Landscape.jpg?width=1280,,,194576,853,JPEG,natural_scene-v7-dev-03,images_v7/dev/natural_scene-v7-dev-03.jpg,,CC0-1.0,https://creativecommons.org/publicdomain/zero/1.0/,image/jpeg,new_v7_heldout_bytes,wikimedia-commons,dbe83e658703e8eeb9d16367ad4676d11f3e038b1ff6d42d1e4552f17c5caf3c,https://commons.wikimedia.org/wiki/File:Lake%20Mountain%20Landscape.jpg,Lake Mountain Landscape.jpg,2026-08-21,retrieval_date,dev,1280
Vtx,,natural_scene,https://commons.wikimedia.org/wiki/Special:Redirect/file/Forest%20Path%20%28179749337%29.jpeg?width=960,,,552016,1440,JPEG,natural_scene-v7-dev-04,images_v7/dev/natural_scene-v7-dev-04.jpeg,,CC0-1.0,https://creativecommons.org/publicdomain/zero/1.0/,image/jpeg,new_v7_heldout_bytes,wikimedia-commons,fcdbe3430333dd2da8ee0a182e8fa8ccc817aa2b89c328e65b15577c297dfa2d,https://commons.wikimedia.org/wiki/File:Forest%20Path%20%28179749337%29.jpeg,Forest Path (179749337).jpeg,2026-08-21,retrieval_date,dev,960
PaddleOCR contributors,https://raw.githubusercontent.com/PaddlePaddle/PaddleOCR/2661c7c0ef5c613e8f93c6e93b2e052399f0f854/tests/test_files/book.jpg,ocr,https://cdn.jsdelivr.net/gh/PaddlePaddle/PaddleOCR@2661c7c0ef5c613e8f93c6e93b2e052399f0f854/tests/test_files/book.jpg,,,256618,708,JPEG,ocr-v7-dev-01,images_v7/dev/ocr-v7-dev-01.jpg,,Apache-2.0,https://github.com/PaddlePaddle/PaddleOCR/blob/2661c7c0ef5c613e8f93c6e93b2e052399f0f854/LICENSE,image/jpeg,new_v7_heldout_bytes,paddleocr,782cc71a2730020ea8da815de3e40a964b7f150c183d1f8c01dd211de9dcbcc4,https://github.com/PaddlePaddle/PaddleOCR/blob/2661c7c0ef5c613e8f93c6e93b2e052399f0f854/tests/test_files/book.jpg,tests/test_files/book.jpg,2661c7c0ef5c613e8f93c6e93b2e052399f0f854,git_commit,dev,1100
PaddleOCR contributors,https://raw.githubusercontent.com/PaddlePaddle/PaddleOCR/2661c7c0ef5c613e8f93c6e93b2e052399f0f854/tests/test_files/seal.png,ocr,https://cdn.jsdelivr.net/gh/PaddlePaddle/PaddleOCR@2661c7c0ef5c613e8f93c6e93b2e052399f0f854/tests/test_files/seal.png,,,184275,640,PNG,ocr-v7-dev-02,images_v7/dev/ocr-v7-dev-02.png,,Apache-2.0,https://github.com/PaddlePaddle/PaddleOCR/blob/2661c7c0ef5c613e8f93c6e93b2e052399f0f854/LICENSE,image/png,new_v7_heldout_bytes,paddleocr,be29cb91999450742958c62ead08f93825b92e5fa4290c063cc7991259da6c24,https://github.com/PaddlePaddle/PaddleOCR/blob/2661c7c0ef5c613e8f93c6e93b2e052399f0f854/tests/test_files/seal.png,tests/test_files/seal.png,2661c7c0ef5c613e8f93c6e93b2e052399f0f854,git_commit,dev,640
Microsoft and Windows documentation contributors,https://raw.githubusercontent.com/MicrosoftDocs/windows-dev-docs/9a712a52ab5ccb1fbe24e97e582a9f884388a3cc/hub/powertoys/images/advanced-paste/advanced-paste.png,ui,https://cdn.jsdelivr.net/gh/MicrosoftDocs/windows-dev-docs@9a712a52ab5ccb1fbe24e97e582a9f884388a3cc/hub/powertoys/images/advanced-paste/advanced-paste.png,,,45471,266,PNG,ui-v7-dev-01,images_v7/dev/ui-v7-dev-01.png,,CC-BY-4.0,https://github.com/MicrosoftDocs/windows-dev-docs/blob/9a712a52ab5ccb1fbe24e97e582a9f884388a3cc/LICENSE,image/png,new_v7_heldout_bytes,windows-dev-docs,2959886d25be1d6f707de4f1b3b54618ff4225b13ebb8419f79737606eba81fc,https://github.com/MicrosoftDocs/windows-dev-docs/blob/9a712a52ab5ccb1fbe24e97e582a9f884388a3cc/hub/powertoys/images/advanced-paste/advanced-paste.png,hub/powertoys/images/advanced-paste/advanced-paste.png,9a712a52ab5ccb1fbe24e97e582a9f884388a3cc,git_commit,dev,400
Microsoft and Windows documentation contributors,https://raw.githubusercontent.com/MicrosoftDocs/windows-dev-docs/9a712a52ab5ccb1fbe24e97e582a9f884388a3cc/hub/powertoys/images/fancyzones/fancy-zones.png,ui,https://cdn.jsdelivr.net/gh/MicrosoftDocs/windows-dev-docs@9a712a52ab5ccb1fbe24e97e582a9f884388a3cc/hub/powertoys/images/fancyzones/fancy-zones.png,,,23230,266,PNG,ui-v7-dev-02,images_v7/dev/ui-v7-dev-02.png,,CC-BY-4.0,https://github.com/MicrosoftDocs/windows-dev-docs/blob/9a712a52ab5ccb1fbe24e97e582a9f884388a3cc/LICENSE,image/png,new_v7_heldout_bytes,windows-dev-docs,4985ae0f3f611f21e1afb0799774889d5e65568970301f0847642b09d565f5dc,https://github.com/MicrosoftDocs/windows-dev-docs/blob/9a712a52ab5ccb1fbe24e97e582a9f884388a3cc/hub/powertoys/images/fancyzones/fancy-zones.png,hub/powertoys/images/fancyzones/fancy-zones.png,9a712a52ab5ccb1fbe24e97e582a9f884388a3cc,git_commit,dev,400
Our World in Data / Global Change Data Lab,,chart_table,https://ourworldindata.org/grapher/renewable-share-energy.png,,,117818,600,PNG,chart_table-v7-final-01,images_v7/final/chart_table-v7-final-01.png,,CC-BY-4.0,https://ourworldindata.org/faqs#can-i-reuse-or-republish-your-charts,image/png,new_v7_heldout_bytes,our-world-in-data-grapher,6946ae2775961a2c0b9597533b420014010f7070eb738afaee21af5ab0d95455,https://ourworldindata.org/grapher/renewable-share-energy,renewable-share-energy,2026-08-21,retrieval_date,final,850
Our World in Data / Global Change Data Lab,,chart_table,https://ourworldindata.org/grapher/population-by-age-group.png,,,50508,600,PNG,chart_table-v7-final-02,images_v7/final/chart_table-v7-final-02.png,,CC-BY-4.0,https://ourworldindata.org/faqs#can-i-reuse-or-republish-your-charts,image/png,new_v7_heldout_bytes,our-world-in-data-grapher,f6a0e3ebed76d9a7d43824ac31a88b900ac912a2a859f825384957393def61bd,https://ourworldindata.org/grapher/population-by-age-group,population-by-age-group,2026-08-21,retrieval_date,final,850
BreezeDeus and Pix2Text contributors,https://raw.githubusercontent.com/breezedeus/Pix2Text/f881e9df93d1ee6e90e823a66776ae0bb501f810/docs/examples/page2.png,formula,https://cdn.jsdelivr.net/gh/breezedeus/Pix2Text@f881e9df93d1ee6e90e823a66776ae0bb501f810/docs/examples/page2.png,,,1142938,1976,PNG,formula-v7-final-02,images_v7/final/formula-v7-final-02.png,,MIT,https://github.com/breezedeus/Pix2Text/blob/f881e9df93d1ee6e90e823a66776ae0bb501f810/LICENSE,image/png,new_v7_heldout_bytes,pix2text,accadcf9828951dc8b4fcf6e172e7d54f86f2c6702766c6b071269b33ab8e14e,https://github.com/breezedeus/Pix2Text/blob/f881e9df93d1ee6e90e823a66776ae0bb501f810/docs/examples/page2.png,docs/examples/page2.png,f881e9df93d1ee6e90e823a66776ae0bb501f810,git_commit,final,1544
Jacob Rus,,formula,https://commons.wikimedia.org/wiki/Special:Redirect/file/Quadratic%20formula%20via%20completing%20the%20square.png?width=1280,,,94568,736,PNG,formula-v7-final-03,images_v7/final/formula-v7-final-03.png,,CC-BY-SA-4.0,https://creativecommons.org/licenses/by-sa/4.0/,image/png,new_v7_heldout_bytes,wikimedia-commons,4229237ee2b36ce926a206aca8a19cc434d9822003c1639075f077f19d2edd71,https://commons.wikimedia.org/wiki/File:Quadratic%20formula%20via%20completing%20the%20square.png,Quadratic formula via completing the square.png,2026-08-21,retrieval_date,final,1280
www.Pixel.la Free Stock Photos,,natural_scene,https://commons.wikimedia.org/wiki/Special:Redirect/file/Palm%20trees%20on%20a%20beach.jpg?width=1280,,,173134,853,JPEG,natural_scene-v7-final-03,images_v7/final/natural_scene-v7-final-03.jpg,,CC0-1.0,https://creativecommons.org/publicdomain/zero/1.0/,image/jpeg,new_v7_heldout_bytes,wikimedia-commons,54f49c977f3f0f829663db7ca86bf2d58af467b34d26613bca97df3ded63ba92,https://commons.wikimedia.org/wiki/File:Palm%20trees%20on%20a%20beach.jpg,Palm trees on a beach.jpg,2026-08-21,retrieval_date,final,1280
Sarah Naegels,,natural_scene,https://commons.wikimedia.org/wiki/Special:Redirect/file/Dog%20park%21.jpg?width=1280,,,208012,960,JPEG,natural_scene-v7-final-04,images_v7/final/natural_scene-v7-final-04.jpg,,CC-BY-2.0,https://creativecommons.org/licenses/by/2.0/,image/jpeg,new_v7_heldout_bytes,wikimedia-commons,0e76eb9bcc730e5978aa89bfaf2664cef36c94bad8089a9299488c74629c18ec,https://commons.wikimedia.org/wiki/File:Dog%20park%21.jpg,Dog park!.jpg,2026-08-21,retrieval_date,final,1280
PaddleOCR contributors,https://raw.githubusercontent.com/PaddlePaddle/PaddleOCR/2661c7c0ef5c613e8f93c6e93b2e052399f0f854/tests/test_files/textline.png,ocr,https://cdn.jsdelivr.net/gh/PaddlePaddle/PaddleOCR@2661c7c0ef5c613e8f93c6e93b2e052399f0f854/tests/test_files/textline.png,,,73730,64,PNG,ocr-v7-final-01,images_v7/final/ocr-v7-final-01.png,,Apache-2.0,https://github.com/PaddlePaddle/PaddleOCR/blob/2661c7c0ef5c613e8f93c6e93b2e052399f0f854/LICENSE,image/png,new_v7_heldout_bytes,paddleocr,5362ba97741413494c507237b5096ef09ed575a501c4d9e68bfeffe17528a6ad,https://github.com/PaddlePaddle/PaddleOCR/blob/2661c7c0ef5c613e8f93c6e93b2e052399f0f854/tests/test_files/textline.png,tests/test_files/textline.png,2661c7c0ef5c613e8f93c6e93b2e052399f0f854,git_commit,final,514
BreezeDeus and Pix2Text contributors,https://raw.githubusercontent.com/breezedeus/Pix2Text/f881e9df93d1ee6e90e823a66776ae0bb501f810/docs/examples/english.jpg,ocr,https://cdn.jsdelivr.net/gh/breezedeus/Pix2Text@f881e9df93d1ee6e90e823a66776ae0bb501f810/docs/examples/english.jpg,,,36839,116,JPEG,ocr-v7-final-02,images_v7/final/ocr-v7-final-02.jpg,,MIT,https://github.com/breezedeus/Pix2Text/blob/f881e9df93d1ee6e90e823a66776ae0bb501f810/LICENSE,image/jpeg,new_v7_heldout_bytes,pix2text,602e79f95ea2d4cc18e0df94d241170b0c196486a4cf67b28cc04db8f9aa54ea,https://github.com/breezedeus/Pix2Text/blob/f881e9df93d1ee6e90e823a66776ae0bb501f810/docs/examples/english.jpg,docs/examples/english.jpg,f881e9df93d1ee6e90e823a66776ae0bb501f810,git_commit,final,710
Microsoft and Windows documentation contributors,https://raw.githubusercontent.com/MicrosoftDocs/windows-dev-docs/9a712a52ab5ccb1fbe24e97e582a9f884388a3cc/hub/powertoys/images/color-picker/settings.png,ui,https://cdn.jsdelivr.net/gh/MicrosoftDocs/windows-dev-docs@9a712a52ab5ccb1fbe24e97e582a9f884388a3cc/hub/powertoys/images/color-picker/settings.png,,,205648,1315,PNG,ui-v7-final-01,images_v7/final/ui-v7-final-01.png,,CC-BY-4.0,https://github.com/MicrosoftDocs/windows-dev-docs/blob/9a712a52ab5ccb1fbe24e97e582a9f884388a3cc/LICENSE,image/png,new_v7_heldout_bytes,windows-dev-docs,caa9fc39ef7f73a0dce3406772f6645a16e60f7d4b9c37e9655278f0ae223ee2,https://github.com/MicrosoftDocs/windows-dev-docs/blob/9a712a52ab5ccb1fbe24e97e582a9f884388a3cc/hub/powertoys/images/color-picker/settings.png,hub/powertoys/images/color-picker/settings.png,9a712a52ab5ccb1fbe24e97e582a9f884388a3cc,git_commit,final,1037
Microsoft and Windows documentation contributors,https://raw.githubusercontent.com/MicrosoftDocs/windows-dev-docs/9a712a52ab5ccb1fbe24e97e582a9f884388a3cc/hub/powertoys/images/general/settings-home.png,ui,https://cdn.jsdelivr.net/gh/MicrosoftDocs/windows-dev-docs@9a712a52ab5ccb1fbe24e97e582a9f884388a3cc/hub/powertoys/images/general/settings-home.png,,,200218,1015,PNG,ui-v7-final-02,images_v7/final/ui-v7-final-02.png,,CC-BY-4.0,https://github.com/MicrosoftDocs/windows-dev-docs/blob/9a712a52ab5ccb1fbe24e97e582a9f884388a3cc/LICENSE,image/png,new_v7_heldout_bytes,windows-dev-docs,ba351be0aeea107beccdc7bac1a10b9e8f034754dfae196318a81d618cad8ead,https://github.com/MicrosoftDocs/windows-dev-docs/blob/9a712a52ab5ccb1fbe24e97e582a9f884388a3cc/hub/powertoys/images/general/settings-home.png,hub/powertoys/images/general/settings-home.png,9a712a52ab5ccb1fbe24e97e582a9f884388a3cc,git_commit,final,1320
PaddleOCR contributors,,chart_table,https://raw.githubusercontent.com/PaddlePaddle/PaddleOCR/2661c7c0ef5c613e8f93c6e93b2e052399f0f854/docs/datasets/images/table_PubTabNet_demo/PMC524509_007_00.png,9357,8ac6eb772c45be3f17f28ce565489b5895ab47002fdf5b34590d57f047041130,9357,98,PNG,chart_table-01,images_v7/train/chart_table-01.png,images/train/chart_table-01.png,Apache-2.0,https://github.com/PaddlePaddle/PaddleOCR/blob/2661c7c0ef5c613e8f93c6e93b2e052399f0f854/LICENSE,image/png,reaudited_v6_train_bytes,paddleocr,8ac6eb772c45be3f17f28ce565489b5895ab47002fdf5b34590d57f047041130,https://github.com/PaddlePaddle/PaddleOCR/blob/2661c7c0ef5c613e8f93c6e93b2e052399f0f854/docs/datasets/images/table_PubTabNet_demo/PMC524509_007_00.png,docs/datasets/images/table_PubTabNet_demo/PMC524509_007_00.png,2661c7c0ef5c613e8f93c6e93b2e052399f0f854,git_commit,train,503
PaddleOCR contributors,,chart_table,https://raw.githubusercontent.com/PaddlePaddle/PaddleOCR/2661c7c0ef5c613e8f93c6e93b2e052399f0f854/docs/datasets/images/table_PubTabNet_demo/PMC535543_007_01.png,28113,9a92582a81a93937da737ef4b8d6980feede20b1acc4cc4db862bb16638c80ab,28113,245,PNG,chart_table-02,images_v7/train/chart_table-02.png,images/train/chart_table-02.png,Apache-2.0,https://github.com/PaddlePaddle/PaddleOCR/blob/2661c7c0ef5c613e8f93c6e93b2e052399f0f854/LICENSE,image/png,reaudited_v6_train_bytes,paddleocr,9a92582a81a93937da737ef4b8d6980feede20b1acc4cc4db862bb16638c80ab,https://github.com/PaddlePaddle/PaddleOCR/blob/2661c7c0ef5c613e8f93c6e93b2e052399f0f854/docs/datasets/images/table_PubTabNet_demo/PMC535543_007_01.png,docs/datasets/images/table_PubTabNet_demo/PMC535543_007_01.png,2661c7c0ef5c613e8f93c6e93b2e052399f0f854,git_commit,train,503
PaddleOCR contributors,,chart_table,https://raw.githubusercontent.com/PaddlePaddle/PaddleOCR/2661c7c0ef5c613e8f93c6e93b2e052399f0f854/docs/datasets/images/table_tal_demo/1.jpg,238316,c474365f54eea113d941550e31e00d6a9b524224fa0ba9bbb8833792d9bf784f,238316,1079,JPEG,chart_table-03,images_v7/train/chart_table-03.jpg,images/train/chart_table-03.jpg,Apache-2.0,https://github.com/PaddlePaddle/PaddleOCR/blob/2661c7c0ef5c613e8f93c6e93b2e052399f0f854/LICENSE,image/jpeg,reaudited_v6_train_bytes,paddleocr,c474365f54eea113d941550e31e00d6a9b524224fa0ba9bbb8833792d9bf784f,https://github.com/PaddlePaddle/PaddleOCR/blob/2661c7c0ef5c613e8f93c6e93b2e052399f0f854/docs/datasets/images/table_tal_demo/1.jpg,docs/datasets/images/table_tal_demo/1.jpg,2661c7c0ef5c613e8f93c6e93b2e052399f0f854,git_commit,train,941
PaddleOCR contributors,,chart_table,https://raw.githubusercontent.com/PaddlePaddle/PaddleOCR/2661c7c0ef5c613e8f93c6e93b2e052399f0f854/docs/datasets/images/publaynet_demo/gt_PMC5086060_00002.jpg,123255,34f04a2a1cc004f71f44c69fe668c040577bff91204f5606bc79a135fbdefed6,123255,791,JPEG,chart_table-04,images_v7/train/chart_table-04.jpg,images/train/chart_table-04.jpg,Apache-2.0,https://github.com/PaddlePaddle/PaddleOCR/blob/2661c7c0ef5c613e8f93c6e93b2e052399f0f854/LICENSE,image/jpeg,reaudited_v6_train_bytes,paddleocr,34f04a2a1cc004f71f44c69fe668c040577bff91204f5606bc79a135fbdefed6,https://github.com/PaddlePaddle/PaddleOCR/blob/2661c7c0ef5c613e8f93c6e93b2e052399f0f854/docs/datasets/images/publaynet_demo/gt_PMC5086060_00002.jpg,docs/datasets/images/publaynet_demo/gt_PMC5086060_00002.jpg,2661c7c0ef5c613e8f93c6e93b2e052399f0f854,git_commit,train,596
PaddleOCR contributors,,chart_table,https://raw.githubusercontent.com/PaddlePaddle/PaddleOCR/2661c7c0ef5c613e8f93c6e93b2e052399f0f854/docs/datasets/images/tablebank_demo/004.png,627735,84e504204db82ff320e200b03f353c70700b0e24a83026f70ddca3b6af7e7137,627735,1101,PNG,chart_table-05,images_v7/train/chart_table-05.png,images/train/chart_table-05.png,Apache-2.0,https://github.com/PaddlePaddle/PaddleOCR/blob/2661c7c0ef5c613e8f93c6e93b2e052399f0f854/LICENSE,image/png,reaudited_v6_train_bytes,paddleocr,84e504204db82ff320e200b03f353c70700b0e24a83026f70ddca3b6af7e7137,https://github.com/PaddlePaddle/PaddleOCR/blob/2661c7c0ef5c613e8f93c6e93b2e052399f0f854/docs/datasets/images/tablebank_demo/004.png,docs/datasets/images/tablebank_demo/004.png,2661c7c0ef5c613e8f93c6e93b2e052399f0f854,git_commit,train,854
PaddleOCR contributors,,chart_table,https://raw.githubusercontent.com/PaddlePaddle/PaddleOCR/2661c7c0ef5c613e8f93c6e93b2e052399f0f854/docs/datasets/images/tablebank_demo/005.png,229473,f0938cf98a784f8277d8a5dfc4242be437135263ec7bec871c477b931cb7830e,229473,1101,PNG,chart_table-06,images_v7/train/chart_table-06.png,images/train/chart_table-06.png,Apache-2.0,https://github.com/PaddlePaddle/PaddleOCR/blob/2661c7c0ef5c613e8f93c6e93b2e052399f0f854/LICENSE,image/png,reaudited_v6_train_bytes,paddleocr,f0938cf98a784f8277d8a5dfc4242be437135263ec7bec871c477b931cb7830e,https://github.com/PaddlePaddle/PaddleOCR/blob/2661c7c0ef5c613e8f93c6e93b2e052399f0f854/docs/datasets/images/tablebank_demo/005.png,docs/datasets/images/tablebank_demo/005.png,2661c7c0ef5c613e8f93c6e93b2e052399f0f854,git_commit,train,674
PaddleOCR contributors,,chart_table,https://raw.githubusercontent.com/PaddlePaddle/PaddleOCR/2661c7c0ef5c613e8f93c6e93b2e052399f0f854/docs/version2.x/ppstructure/images/table_1.png,776050,4b6e3d1aef64cd90c92d5be3bed628f486affd4e4b2ce85f8da2695edb9069fc,776050,848,PNG,chart_table-07,images_v7/train/chart_table-07.png,images/train/chart_table-07.png,Apache-2.0,https://github.com/PaddlePaddle/PaddleOCR/blob/2661c7c0ef5c613e8f93c6e93b2e052399f0f854/LICENSE,image/png,reaudited_v6_train_bytes,paddleocr,4b6e3d1aef64cd90c92d5be3bed628f486affd4e4b2ce85f8da2695edb9069fc,https://github.com/PaddlePaddle/PaddleOCR/blob/2661c7c0ef5c613e8f93c6e93b2e052399f0f854/docs/version2.x/ppstructure/images/table_1.png,docs/version2.x/ppstructure/images/table_1.png,2661c7c0ef5c613e8f93c6e93b2e052399f0f854,git_commit,train,868
PaddleOCR contributors,,chart_table,https://raw.githubusercontent.com/PaddlePaddle/PaddleOCR/2661c7c0ef5c613e8f93c6e93b2e052399f0f854/docs/version2.x/ppstructure/model_train/images/table_ch_result1.jpg,378250,a42deab68c85c7521fa2ec79aaf914ed3ce8741c0a3ba59679c337f317ca446e,378250,835,PNG,chart_table-08,images_v7/train/chart_table-08.jpg,images/train/chart_table-08.jpg,Apache-2.0,https://github.com/PaddlePaddle/PaddleOCR/blob/2661c7c0ef5c613e8f93c6e93b2e052399f0f854/LICENSE,image/jpeg,reaudited_v6_train_bytes,paddleocr,a42deab68c85c7521fa2ec79aaf914ed3ce8741c0a3ba59679c337f317ca446e,https://github.com/PaddlePaddle/PaddleOCR/blob/2661c7c0ef5c613e8f93c6e93b2e052399f0f854/docs/version2.x/ppstructure/model_train/images/table_ch_result1.jpg,docs/version2.x/ppstructure/model_train/images/table_ch_result1.jpg,2661c7c0ef5c613e8f93c6e93b2e052399f0f854,git_commit,train,1156
PaddleOCR contributors,,chart_table,https://raw.githubusercontent.com/PaddlePaddle/PaddleOCR/2661c7c0ef5c613e8f93c6e93b2e052399f0f854/docs/version2.x/ppstructure/model_train/images/table_ch_result2.jpg,790724,60cec3deb68735faab25d51225153f80df97647210330874b42c4a1946d7d6e3,790724,785,PNG,chart_table-09,images_v7/train/chart_table-09.jpg,images/train/chart_table-09.jpg,Apache-2.0,https://github.com/PaddlePaddle/PaddleOCR/blob/2661c7c0ef5c613e8f93c6e93b2e052399f0f854/LICENSE,image/jpeg,reaudited_v6_train_bytes,paddleocr,60cec3deb68735faab25d51225153f80df97647210330874b42c4a1946d7d6e3,https://github.com/PaddlePaddle/PaddleOCR/blob/2661c7c0ef5c613e8f93c6e93b2e052399f0f854/docs/version2.x/ppstructure/model_train/images/table_ch_result2.jpg,docs/version2.x/ppstructure/model_train/images/table_ch_result2.jpg,2661c7c0ef5c613e8f93c6e93b2e052399f0f854,git_commit,train,1750
PaddleOCR contributors,,chart_table,https://raw.githubusercontent.com/PaddlePaddle/PaddleOCR/2661c7c0ef5c613e8f93c6e93b2e052399f0f854/docs/version2.x/ppstructure/model_train/images/table_ch_result3.jpg,478002,80df150becb744471d8278261d4e08f619577cd5516d595a5e977b4eeef72fbd,478002,336,PNG,chart_table-10,images_v7/train/chart_table-10.jpg,images/train/chart_table-10.jpg,Apache-2.0,https://github.com/PaddlePaddle/PaddleOCR/blob/2661c7c0ef5c613e8f93c6e93b2e052399f0f854/LICENSE,image/jpeg,reaudited_v6_train_bytes,paddleocr,80df150becb744471d8278261d4e08f619577cd5516d595a5e977b4eeef72fbd,https://github.com/PaddlePaddle/PaddleOCR/blob/2661c7c0ef5c613e8f93c6e93b2e052399f0f854/docs/version2.x/ppstructure/model_train/images/table_ch_result3.jpg,docs/version2.x/ppstructure/model_train/images/table_ch_result3.jpg,2661c7c0ef5c613e8f93c6e93b2e052399f0f854,git_commit,train,1099
BreezeDeus and Pix2Text contributors,,formula,https://raw.githubusercontent.com/breezedeus/Pix2Text/f881e9df93d1ee6e90e823a66776ae0bb501f810/docs/examples/formula.jpg,24465,9f98b2fd339417fe1a4c83182c6af20631eed489e746bc901682beca4e034cff,24465,190,JPEG,formula-01,images_v7/train/formula-01.jpg,images/train/formula-01.jpg,MIT,https://github.com/breezedeus/Pix2Text/blob/f881e9df93d1ee6e90e823a66776ae0bb501f810/LICENSE,image/jpeg,reaudited_v6_train_bytes,pix2text,9f98b2fd339417fe1a4c83182c6af20631eed489e746bc901682beca4e034cff,https://github.com/breezedeus/Pix2Text/blob/f881e9df93d1ee6e90e823a66776ae0bb501f810/docs/examples/formula.jpg,docs/examples/formula.jpg,f881e9df93d1ee6e90e823a66776ae0bb501f810,git_commit,train,752
BreezeDeus and Pix2Text contributors,,formula,https://raw.githubusercontent.com/breezedeus/Pix2Text/f881e9df93d1ee6e90e823a66776ae0bb501f810/docs/examples/formula2.png,51845,f7caabcca22e1d79c5af00adf941ea9bc6f5e2fa3558f22ef5cf4bccaaef8c73,51845,61,PNG,formula-02,images_v7/train/formula-02.png,images/train/formula-02.png,MIT,https://github.com/breezedeus/Pix2Text/blob/f881e9df93d1ee6e90e823a66776ae0bb501f810/LICENSE,image/png,reaudited_v6_train_bytes,pix2text,f7caabcca22e1d79c5af00adf941ea9bc6f5e2fa3558f22ef5cf4bccaaef8c73,https://github.com/breezedeus/Pix2Text/blob/f881e9df93d1ee6e90e823a66776ae0bb501f810/docs/examples/formula2.png,docs/examples/formula2.png,f881e9df93d1ee6e90e823a66776ae0bb501f810,git_commit,train,507
BreezeDeus and Pix2Text contributors,,formula,https://raw.githubusercontent.com/breezedeus/Pix2Text/f881e9df93d1ee6e90e823a66776ae0bb501f810/docs/examples/formula3.png,2198,302a93b057a904c5cb2af727ecdf1236fe07e446572198237d2f2487f025ab57,2198,64,PNG,formula-03,images_v7/train/formula-03.png,images/train/formula-03.png,MIT,https://github.com/breezedeus/Pix2Text/blob/f881e9df93d1ee6e90e823a66776ae0bb501f810/LICENSE,image/png,reaudited_v6_train_bytes,pix2text,302a93b057a904c5cb2af727ecdf1236fe07e446572198237d2f2487f025ab57,https://github.com/breezedeus/Pix2Text/blob/f881e9df93d1ee6e90e823a66776ae0bb501f810/docs/examples/formula3.png,docs/examples/formula3.png,f881e9df93d1ee6e90e823a66776ae0bb501f810,git_commit,train,544
BreezeDeus and Pix2Text contributors,,formula,https://raw.githubusercontent.com/breezedeus/Pix2Text/f881e9df93d1ee6e90e823a66776ae0bb501f810/docs/examples/formula4.jpg,29134,9e8f9b1840a7ee47564ee2282d5da6b52f206db6a57d822fbf83ec8779719df3,29134,126,JPEG,formula-04,images_v7/train/formula-04.jpg,images/train/formula-04.jpg,MIT,https://github.com/breezedeus/Pix2Text/blob/f881e9df93d1ee6e90e823a66776ae0bb501f810/LICENSE,image/jpeg,reaudited_v6_train_bytes,pix2text,9e8f9b1840a7ee47564ee2282d5da6b52f206db6a57d822fbf83ec8779719df3,https://github.com/breezedeus/Pix2Text/blob/f881e9df93d1ee6e90e823a66776ae0bb501f810/docs/examples/formula4.jpg,docs/examples/formula4.jpg,f881e9df93d1ee6e90e823a66776ae0bb501f810,git_commit,train,975
BreezeDeus and Pix2Text contributors,,formula,https://raw.githubusercontent.com/breezedeus/Pix2Text/f881e9df93d1ee6e90e823a66776ae0bb501f810/docs/examples/formula5.jpg,2598,cff70adabdecdc2fe999d78634aa8cd05efaded3579562e964e86df77e75a0e7,2598,81,JPEG,formula-05,images_v7/train/formula-05.jpg,images/train/formula-05.jpg,MIT,https://github.com/breezedeus/Pix2Text/blob/f881e9df93d1ee6e90e823a66776ae0bb501f810/LICENSE,image/jpeg,reaudited_v6_train_bytes,pix2text,cff70adabdecdc2fe999d78634aa8cd05efaded3579562e964e86df77e75a0e7,https://github.com/breezedeus/Pix2Text/blob/f881e9df93d1ee6e90e823a66776ae0bb501f810/docs/examples/formula5.jpg,docs/examples/formula5.jpg,f881e9df93d1ee6e90e823a66776ae0bb501f810,git_commit,train,135
BreezeDeus and Pix2Text contributors,,formula,https://raw.githubusercontent.com/breezedeus/Pix2Text/f881e9df93d1ee6e90e823a66776ae0bb501f810/docs/examples/formula6.jpg,19065,f7a8526b35e411dfef81f8fc2ed356103860fe57cce707ea4a9d58f71107b7cf,19065,437,JPEG,formula-06,images_v7/train/formula-06.jpg,images/train/formula-06.jpg,MIT,https://github.com/breezedeus/Pix2Text/blob/f881e9df93d1ee6e90e823a66776ae0bb501f810/LICENSE,image/jpeg,reaudited_v6_train_bytes,pix2text,f7a8526b35e411dfef81f8fc2ed356103860fe57cce707ea4a9d58f71107b7cf,https://github.com/breezedeus/Pix2Text/blob/f881e9df93d1ee6e90e823a66776ae0bb501f810/docs/examples/formula6.jpg,docs/examples/formula6.jpg,f881e9df93d1ee6e90e823a66776ae0bb501f810,git_commit,train,519
BreezeDeus and Pix2Text contributors,,formula,https://raw.githubusercontent.com/breezedeus/Pix2Text/f881e9df93d1ee6e90e823a66776ae0bb501f810/docs/examples/hw-formula1.png,21331,a68e0a2797612d0192737c6251683be3b396fbcfae630518201502fe5df358f7,21331,89,PNG,formula-07,images_v7/train/formula-07.png,images/train/formula-07.png,MIT,https://github.com/breezedeus/Pix2Text/blob/f881e9df93d1ee6e90e823a66776ae0bb501f810/LICENSE,image/png,reaudited_v6_train_bytes,pix2text,a68e0a2797612d0192737c6251683be3b396fbcfae630518201502fe5df358f7,https://github.com/breezedeus/Pix2Text/blob/f881e9df93d1ee6e90e823a66776ae0bb501f810/docs/examples/hw-formula1.png,docs/examples/hw-formula1.png,f881e9df93d1ee6e90e823a66776ae0bb501f810,git_commit,train,187
BreezeDeus and Pix2Text contributors,,formula,https://raw.githubusercontent.com/breezedeus/Pix2Text/f881e9df93d1ee6e90e823a66776ae0bb501f810/docs/examples/hw-formula2.png,35768,39d7726a23c0c046e385bccfaac73e64a4b919c3f1e4bddeb7ebf44b6de336e0,35768,108,PNG,formula-08,images_v7/train/formula-08.png,images/train/formula-08.png,MIT,https://github.com/breezedeus/Pix2Text/blob/f881e9df93d1ee6e90e823a66776ae0bb501f810/LICENSE,image/png,reaudited_v6_train_bytes,pix2text,39d7726a23c0c046e385bccfaac73e64a4b919c3f1e4bddeb7ebf44b6de336e0,https://github.com/breezedeus/Pix2Text/blob/f881e9df93d1ee6e90e823a66776ae0bb501f810/docs/examples/hw-formula2.png,docs/examples/hw-formula2.png,f881e9df93d1ee6e90e823a66776ae0bb501f810,git_commit,train,502
BreezeDeus and Pix2Text contributors,,formula,https://raw.githubusercontent.com/breezedeus/Pix2Text/f881e9df93d1ee6e90e823a66776ae0bb501f810/docs/examples/hw-formula3.png,116441,bd1dc50b26b33bb62b9682fc35fc14f44ec0591d17f2eedae09c544a04101c8d,116441,462,PNG,formula-09,images_v7/train/formula-09.png,images/train/formula-09.png,MIT,https://github.com/breezedeus/Pix2Text/blob/f881e9df93d1ee6e90e823a66776ae0bb501f810/LICENSE,image/png,reaudited_v6_train_bytes,pix2text,bd1dc50b26b33bb62b9682fc35fc14f44ec0591d17f2eedae09c544a04101c8d,https://github.com/breezedeus/Pix2Text/blob/f881e9df93d1ee6e90e823a66776ae0bb501f810/docs/examples/hw-formula3.png,docs/examples/hw-formula3.png,f881e9df93d1ee6e90e823a66776ae0bb501f810,git_commit,train,1252
BreezeDeus and Pix2Text contributors,,formula,https://raw.githubusercontent.com/breezedeus/Pix2Text/f881e9df93d1ee6e90e823a66776ae0bb501f810/docs/examples/math-formula-42.png,16396,28225a78e4f5f59677dc810b0a95133c1ea75d3aa08a88ec53f4a2a336614308,16396,250,PNG,formula-10,images_v7/train/formula-10.png,images/train/formula-10.png,MIT,https://github.com/breezedeus/Pix2Text/blob/f881e9df93d1ee6e90e823a66776ae0bb501f810/LICENSE,image/png,reaudited_v6_train_bytes,pix2text,28225a78e4f5f59677dc810b0a95133c1ea75d3aa08a88ec53f4a2a336614308,https://github.com/breezedeus/Pix2Text/blob/f881e9df93d1ee6e90e823a66776ae0bb501f810/docs/examples/math-formula-42.png,docs/examples/math-formula-42.png,f881e9df93d1ee6e90e823a66776ae0bb501f810,git_commit,train,515
scikit-image team and credited sample-data contributors,,natural_scene,https://raw.githubusercontent.com/scikit-image/scikit-image/e8a42ba85aaf5fd9322ef9ca51bc21063b22fcae/skimage/data/astronaut.png,791555,88431cd9653ccd539741b555fb0a46b61558b301d4110412b5bc28b5e3ea6cb5,791555,512,PNG,natural_scene-01,images_v7/train/natural_scene-01.png,images/train/natural_scene-01.png,BSD-3-Clause,https://github.com/scikit-image/scikit-image/blob/e8a42ba85aaf5fd9322ef9ca51bc21063b22fcae/LICENSE.txt,image/png,reaudited_v6_train_bytes,scikit-image,88431cd9653ccd539741b555fb0a46b61558b301d4110412b5bc28b5e3ea6cb5,https://github.com/scikit-image/scikit-image/blob/e8a42ba85aaf5fd9322ef9ca51bc21063b22fcae/skimage/data/astronaut.png,skimage/data/astronaut.png,e8a42ba85aaf5fd9322ef9ca51bc21063b22fcae,git_commit,train,512
scikit-image team and credited sample-data contributors,,natural_scene,https://raw.githubusercontent.com/scikit-image/scikit-image/e8a42ba85aaf5fd9322ef9ca51bc21063b22fcae/skimage/data/camera.png,139512,b0793d2adda0fa6ae899c03989482bff9a42d3d5690fc7e3648f2795d730c23a,139512,512,PNG,natural_scene-02,images_v7/train/natural_scene-02.png,images/train/natural_scene-02.png,BSD-3-Clause,https://github.com/scikit-image/scikit-image/blob/e8a42ba85aaf5fd9322ef9ca51bc21063b22fcae/LICENSE.txt,image/png,reaudited_v6_train_bytes,scikit-image,b0793d2adda0fa6ae899c03989482bff9a42d3d5690fc7e3648f2795d730c23a,https://github.com/scikit-image/scikit-image/blob/e8a42ba85aaf5fd9322ef9ca51bc21063b22fcae/skimage/data/camera.png,skimage/data/camera.png,e8a42ba85aaf5fd9322ef9ca51bc21063b22fcae,git_commit,train,512
scikit-image team and credited sample-data contributors,,natural_scene,https://raw.githubusercontent.com/scikit-image/scikit-image/e8a42ba85aaf5fd9322ef9ca51bc21063b22fcae/skimage/data/chelsea.png,240512,596aa1e7cb875eb79f437e310381d26b338a81c2da23439704a73c4651e8c4bb,240512,300,PNG,natural_scene-03,images_v7/train/natural_scene-03.png,images/train/natural_scene-03.png,BSD-3-Clause,https://github.com/scikit-image/scikit-image/blob/e8a42ba85aaf5fd9322ef9ca51bc21063b22fcae/LICENSE.txt,image/png,reaudited_v6_train_bytes,scikit-image,596aa1e7cb875eb79f437e310381d26b338a81c2da23439704a73c4651e8c4bb,https://github.com/scikit-image/scikit-image/blob/e8a42ba85aaf5fd9322ef9ca51bc21063b22fcae/skimage/data/chelsea.png,skimage/data/chelsea.png,e8a42ba85aaf5fd9322ef9ca51bc21063b22fcae,git_commit,train,451
scikit-image team and credited sample-data contributors,,natural_scene,https://raw.githubusercontent.com/scikit-image/scikit-image/e8a42ba85aaf5fd9322ef9ca51bc21063b22fcae/skimage/data/coffee.png,466706,cc02f8ca188b167c775a7101b5d767d1e71792cf762c33d6fa15a4599b5a8de7,466706,400,PNG,natural_scene-04,images_v7/train/natural_scene-04.png,images/train/natural_scene-04.png,BSD-3-Clause,https://github.com/scikit-image/scikit-image/blob/e8a42ba85aaf5fd9322ef9ca51bc21063b22fcae/LICENSE.txt,image/png,reaudited_v6_train_bytes,scikit-image,cc02f8ca188b167c775a7101b5d767d1e71792cf762c33d6fa15a4599b5a8de7,https://github.com/scikit-image/scikit-image/blob/e8a42ba85aaf5fd9322ef9ca51bc21063b22fcae/skimage/data/coffee.png,skimage/data/coffee.png,e8a42ba85aaf5fd9322ef9ca51bc21063b22fcae,git_commit,train,600
scikit-image team and credited sample-data contributors,,natural_scene,https://raw.githubusercontent.com/scikit-image/scikit-image/e8a42ba85aaf5fd9322ef9ca51bc21063b22fcae/skimage/data/coins.png,75825,f8d773fc9cfa6f4d8e5942dc34d0a0788fcaed2a4fefbbed0aef5398d7ef4cba,75825,303,PNG,natural_scene-05,images_v7/train/natural_scene-05.png,images/train/natural_scene-05.png,BSD-3-Clause,https://github.com/scikit-image/scikit-image/blob/e8a42ba85aaf5fd9322ef9ca51bc21063b22fcae/LICENSE.txt,image/png,reaudited_v6_train_bytes,scikit-image,f8d773fc9cfa6f4d8e5942dc34d0a0788fcaed2a4fefbbed0aef5398d7ef4cba,https://github.com/scikit-image/scikit-image/blob/e8a42ba85aaf5fd9322ef9ca51bc21063b22fcae/skimage/data/coins.png,skimage/data/coins.png,e8a42ba85aaf5fd9322ef9ca51bc21063b22fcae,git_commit,train,384
scikit-image team and credited sample-data contributors,,natural_scene,https://raw.githubusercontent.com/scikit-image/scikit-image/e8a42ba85aaf5fd9322ef9ca51bc21063b22fcae/skimage/data/brick.png,106634,7966caf324f6ba843118d98f7a07746d22f6a343430add0233eca5f6eaaa8fcf,106634,512,PNG,natural_scene-06,images_v7/train/natural_scene-06.png,images/train/natural_scene-06.png,BSD-3-Clause,https://github.com/scikit-image/scikit-image/blob/e8a42ba85aaf5fd9322ef9ca51bc21063b22fcae/LICENSE.txt,image/png,reaudited_v6_train_bytes,scikit-image,7966caf324f6ba843118d98f7a07746d22f6a343430add0233eca5f6eaaa8fcf,https://github.com/scikit-image/scikit-image/blob/e8a42ba85aaf5fd9322ef9ca51bc21063b22fcae/skimage/data/brick.png,skimage/data/brick.png,e8a42ba85aaf5fd9322ef9ca51bc21063b22fcae,git_commit,train,512
scikit-image team and credited sample-data contributors,,natural_scene,https://raw.githubusercontent.com/scikit-image/scikit-image/e8a42ba85aaf5fd9322ef9ca51bc21063b22fcae/skimage/data/grass.png,217893,b6b6022426b38936c43a4ac09635cd78af074e90f42ffa8227ac8b7452d39f89,217893,512,PNG,natural_scene-07,images_v7/train/natural_scene-07.png,images/train/natural_scene-07.png,BSD-3-Clause,https://github.com/scikit-image/scikit-image/blob/e8a42ba85aaf5fd9322ef9ca51bc21063b22fcae/LICENSE.txt,image/png,reaudited_v6_train_bytes,scikit-image,b6b6022426b38936c43a4ac09635cd78af074e90f42ffa8227ac8b7452d39f89,https://github.com/scikit-image/scikit-image/blob/e8a42ba85aaf5fd9322ef9ca51bc21063b22fcae/skimage/data/grass.png,skimage/data/grass.png,e8a42ba85aaf5fd9322ef9ca51bc21063b22fcae,git_commit,train,512
scikit-image team and credited sample-data contributors,,natural_scene,https://raw.githubusercontent.com/scikit-image/scikit-image/e8a42ba85aaf5fd9322ef9ca51bc21063b22fcae/skimage/data/gravel.png,194247,c48615b451bf1e606fbd72c0aa9f8cc0f068ab7111ef7d93bb9b0f2586440c12,194247,512,PNG,natural_scene-08,images_v7/train/natural_scene-08.png,images/train/natural_scene-08.png,BSD-3-Clause,https://github.com/scikit-image/scikit-image/blob/e8a42ba85aaf5fd9322ef9ca51bc21063b22fcae/LICENSE.txt,image/png,reaudited_v6_train_bytes,scikit-image,c48615b451bf1e606fbd72c0aa9f8cc0f068ab7111ef7d93bb9b0f2586440c12,https://github.com/scikit-image/scikit-image/blob/e8a42ba85aaf5fd9322ef9ca51bc21063b22fcae/skimage/data/gravel.png,skimage/data/gravel.png,e8a42ba85aaf5fd9322ef9ca51bc21063b22fcae,git_commit,train,512
scikit-image team and credited sample-data contributors,,natural_scene,https://raw.githubusercontent.com/scikit-image/scikit-image/e8a42ba85aaf5fd9322ef9ca51bc21063b22fcae/skimage/data/horse.png,16633,c7fb60789fe394c485f842291ea3b21e50d140f39d6dcb5fb9917cc178225455,16633,328,PNG,natural_scene-09,images_v7/train/natural_scene-09.png,images/train/natural_scene-09.png,BSD-3-Clause,https://github.com/scikit-image/scikit-image/blob/e8a42ba85aaf5fd9322ef9ca51bc21063b22fcae/LICENSE.txt,image/png,reaudited_v6_train_bytes,scikit-image,c7fb60789fe394c485f842291ea3b21e50d140f39d6dcb5fb9917cc178225455,https://github.com/scikit-image/scikit-image/blob/e8a42ba85aaf5fd9322ef9ca51bc21063b22fcae/skimage/data/horse.png,skimage/data/horse.png,e8a42ba85aaf5fd9322ef9ca51bc21063b22fcae,git_commit,train,400
scikit-image team and credited sample-data contributors,,natural_scene,https://raw.githubusercontent.com/scikit-image/scikit-image/e8a42ba85aaf5fd9322ef9ca51bc21063b22fcae/skimage/data/hubble_deep_field.jpg,527940,3a19c5dd8a927a9334bb1229a6d63711b1c0c767fb27e2286e7c84a3e2c2f5f4,527940,872,JPEG,natural_scene-10,images_v7/train/natural_scene-10.jpg,images/train/natural_scene-10.jpg,BSD-3-Clause,https://github.com/scikit-image/scikit-image/blob/e8a42ba85aaf5fd9322ef9ca51bc21063b22fcae/LICENSE.txt,image/jpeg,reaudited_v6_train_bytes,scikit-image,3a19c5dd8a927a9334bb1229a6d63711b1c0c767fb27e2286e7c84a3e2c2f5f4,https://github.com/scikit-image/scikit-image/blob/e8a42ba85aaf5fd9322ef9ca51bc21063b22fcae/skimage/data/hubble_deep_field.jpg,skimage/data/hubble_deep_field.jpg,e8a42ba85aaf5fd9322ef9ca51bc21063b22fcae,git_commit,train,1000
PaddleOCR contributors,,ocr,https://raw.githubusercontent.com/PaddlePaddle/PaddleOCR/2661c7c0ef5c613e8f93c6e93b2e052399f0f854/deploy/ios_demo/PaddleOCRDemo/Resources/SampleImages/general_ocr_002.jpg,128713,4425af33dd163cf73bdff502bd35ee527e9bdd5725501db1da78bfdae9f538f4,128713,528,JPEG,ocr-01,images_v7/train/ocr-01.jpg,images/train/ocr-01.jpg,Apache-2.0,https://github.com/PaddlePaddle/PaddleOCR/blob/2661c7c0ef5c613e8f93c6e93b2e052399f0f854/LICENSE,image/jpeg,reaudited_v6_train_bytes,paddleocr,4425af33dd163cf73bdff502bd35ee527e9bdd5725501db1da78bfdae9f538f4,https://github.com/PaddlePaddle/PaddleOCR/blob/2661c7c0ef5c613e8f93c6e93b2e052399f0f854/deploy/ios_demo/PaddleOCRDemo/Resources/SampleImages/general_ocr_002.jpg,deploy/ios_demo/PaddleOCRDemo/Resources/SampleImages/general_ocr_002.jpg,2661c7c0ef5c613e8f93c6e93b2e052399f0f854,git_commit,train,896
PaddleOCR contributors,,ocr,https://raw.githubusercontent.com/PaddlePaddle/PaddleOCR/2661c7c0ef5c613e8f93c6e93b2e052399f0f854/docs/datasets/images/ArT.jpg,3268318,bf837b7ff1818dfc996e95ffb5905eee36daed38dbbcc7f4b6de767820016ee9,3268318,1002,PNG,ocr-02,images_v7/train/ocr-02.jpg,images/train/ocr-02.jpg,Apache-2.0,https://github.com/PaddlePaddle/PaddleOCR/blob/2661c7c0ef5c613e8f93c6e93b2e052399f0f854/LICENSE,image/jpeg,reaudited_v6_train_bytes,paddleocr,bf837b7ff1818dfc996e95ffb5905eee36daed38dbbcc7f4b6de767820016ee9,https://github.com/PaddlePaddle/PaddleOCR/blob/2661c7c0ef5c613e8f93c6e93b2e052399f0f854/docs/datasets/images/ArT.jpg,docs/datasets/images/ArT.jpg,2661c7c0ef5c613e8f93c6e93b2e052399f0f854,git_commit,train,1572
PaddleOCR contributors,,ocr,https://raw.githubusercontent.com/PaddlePaddle/PaddleOCR/2661c7c0ef5c613e8f93c6e93b2e052399f0f854/docs/datasets/images/CASIA_0.jpg,14296,0adafdf95d27c32a9c8e7ae9dc2f83ad01cd65f26ff67e853729a7c02198388a,14296,98,JPEG,ocr-03,images_v7/train/ocr-03.jpg,images/train/ocr-03.jpg,Apache-2.0,https://github.com/PaddlePaddle/PaddleOCR/blob/2661c7c0ef5c613e8f93c6e93b2e052399f0f854/LICENSE,image/jpeg,reaudited_v6_train_bytes,paddleocr,0adafdf95d27c32a9c8e7ae9dc2f83ad01cd65f26ff67e853729a7c02198388a,https://github.com/PaddlePaddle/PaddleOCR/blob/2661c7c0ef5c613e8f93c6e93b2e052399f0f854/docs/datasets/images/CASIA_0.jpg,docs/datasets/images/CASIA_0.jpg,2661c7c0ef5c613e8f93c6e93b2e052399f0f854,git_commit,train,553
PaddleOCR contributors,,ocr,https://raw.githubusercontent.com/PaddlePaddle/PaddleOCR/2661c7c0ef5c613e8f93c6e93b2e052399f0f854/docs/datasets/images/LSVT_1.jpg,125625,abbc66e4272e33c533ddc8155ab519550940dc0c2f2b2ef2cd2278881a08a3b2,125625,408,JPEG,ocr-04,images_v7/train/ocr-04.jpg,images/train/ocr-04.jpg,Apache-2.0,https://github.com/PaddlePaddle/PaddleOCR/blob/2661c7c0ef5c613e8f93c6e93b2e052399f0f854/LICENSE,image/jpeg,reaudited_v6_train_bytes,paddleocr,abbc66e4272e33c533ddc8155ab519550940dc0c2f2b2ef2cd2278881a08a3b2,https://github.com/PaddlePaddle/PaddleOCR/blob/2661c7c0ef5c613e8f93c6e93b2e052399f0f854/docs/datasets/images/LSVT_1.jpg,docs/datasets/images/LSVT_1.jpg,2661c7c0ef5c613e8f93c6e93b2e052399f0f854,git_commit,train,878
PaddleOCR contributors,,ocr,https://raw.githubusercontent.com/PaddlePaddle/PaddleOCR/2661c7c0ef5c613e8f93c6e93b2e052399f0f854/docs/datasets/images/LSVT_2.jpg,96370,aa551928c5a9cd1bc3c6f1be0bb90f9b0463691119ff70137bd8189ffc245747,96370,310,JPEG,ocr-05,images_v7/train/ocr-05.jpg,images/train/ocr-05.jpg,Apache-2.0,https://github.com/PaddlePaddle/PaddleOCR/blob/2661c7c0ef5c613e8f93c6e93b2e052399f0f854/LICENSE,image/jpeg,reaudited_v6_train_bytes,paddleocr,aa551928c5a9cd1bc3c6f1be0bb90f9b0463691119ff70137bd8189ffc245747,https://github.com/PaddlePaddle/PaddleOCR/blob/2661c7c0ef5c613e8f93c6e93b2e052399f0f854/docs/datasets/images/LSVT_2.jpg,docs/datasets/images/LSVT_2.jpg,2661c7c0ef5c613e8f93c6e93b2e052399f0f854,git_commit,train,878
PaddleOCR contributors,,ocr,https://raw.githubusercontent.com/PaddlePaddle/PaddleOCR/2661c7c0ef5c613e8f93c6e93b2e052399f0f854/docs/datasets/images/captcha_demo.png,170046,7bb6e4fdd46ce708c70d9b514dcc62bac0c738246be6a766eab65c2f71bdf7d6,170046,400,PNG,ocr-06,images_v7/train/ocr-06.png,images/train/ocr-06.png,Apache-2.0,https://github.com/PaddlePaddle/PaddleOCR/blob/2661c7c0ef5c613e8f93c6e93b2e052399f0f854/LICENSE,image/png,reaudited_v6_train_bytes,paddleocr,7bb6e4fdd46ce708c70d9b514dcc62bac0c738246be6a766eab65c2f71bdf7d6,https://github.com/PaddlePaddle/PaddleOCR/blob/2661c7c0ef5c613e8f93c6e93b2e052399f0f854/docs/datasets/images/captcha_demo.png,docs/datasets/images/captcha_demo.png,2661c7c0ef5c613e8f93c6e93b2e052399f0f854,git_commit,train,400
PaddleOCR contributors,,ocr,https://raw.githubusercontent.com/PaddlePaddle/PaddleOCR/2661c7c0ef5c613e8f93c6e93b2e052399f0f854/docs/datasets/images/ccpd_demo.png,312361,9e23fb97363f5aed5a85488ebff223cf25eebda4e42a2c7b6194b75ac4a4a0f8,312361,694,PNG,ocr-07,images_v7/train/ocr-07.png,images/train/ocr-07.png,Apache-2.0,https://github.com/PaddlePaddle/PaddleOCR/blob/2661c7c0ef5c613e8f93c6e93b2e052399f0f854/LICENSE,image/png,reaudited_v6_train_bytes,paddleocr,9e23fb97363f5aed5a85488ebff223cf25eebda4e42a2c7b6194b75ac4a4a0f8,https://github.com/PaddlePaddle/PaddleOCR/blob/2661c7c0ef5c613e8f93c6e93b2e052399f0f854/docs/datasets/images/ccpd_demo.png,docs/datasets/images/ccpd_demo.png,2661c7c0ef5c613e8f93c6e93b2e052399f0f854,git_commit,train,435
PaddleOCR contributors,,ocr,https://raw.githubusercontent.com/PaddlePaddle/PaddleOCR/2661c7c0ef5c613e8f93c6e93b2e052399f0f854/docs/datasets/images/ch_doc1.jpg,2226,19588f23a55ded05245de1fcfdfe2425b1ee913522d16d743d4f04306b878dee,2226,32,JPEG,ocr-08,images_v7/train/ocr-08.jpg,images/train/ocr-08.jpg,Apache-2.0,https://github.com/PaddlePaddle/PaddleOCR/blob/2661c7c0ef5c613e8f93c6e93b2e052399f0f854/LICENSE,image/jpeg,reaudited_v6_train_bytes,paddleocr,19588f23a55ded05245de1fcfdfe2425b1ee913522d16d743d4f04306b878dee,https://github.com/PaddlePaddle/PaddleOCR/blob/2661c7c0ef5c613e8f93c6e93b2e052399f0f854/docs/datasets/images/ch_doc1.jpg,docs/datasets/images/ch_doc1.jpg,2661c7c0ef5c613e8f93c6e93b2e052399f0f854,git_commit,train,280
PaddleOCR contributors,,ocr,https://raw.githubusercontent.com/PaddlePaddle/PaddleOCR/2661c7c0ef5c613e8f93c6e93b2e052399f0f854/docs/datasets/images/ch_doc3.jpg,2117,e6ec7927162c3f138f43f5fd4ccf4fdaad6899a257098361e72356f76d062675,2117,32,JPEG,ocr-09,images_v7/train/ocr-09.jpg,images/train/ocr-09.jpg,Apache-2.0,https://github.com/PaddlePaddle/PaddleOCR/blob/2661c7c0ef5c613e8f93c6e93b2e052399f0f854/LICENSE,image/jpeg,reaudited_v6_train_bytes,paddleocr,e6ec7927162c3f138f43f5fd4ccf4fdaad6899a257098361e72356f76d062675,https://github.com/PaddlePaddle/PaddleOCR/blob/2661c7c0ef5c613e8f93c6e93b2e052399f0f854/docs/datasets/images/ch_doc3.jpg,docs/datasets/images/ch_doc3.jpg,2661c7c0ef5c613e8f93c6e93b2e052399f0f854,git_commit,train,280
PaddleOCR contributors,,ocr,https://raw.githubusercontent.com/PaddlePaddle/PaddleOCR/2661c7c0ef5c613e8f93c6e93b2e052399f0f854/docs/datasets/images/ch_street_rec_1.png,102648,561a08f36ab0685d95d560217835f4106261c6d1edc6a8e720c1346ed00812b4,102648,104,PNG,ocr-10,images_v7/train/ocr-10.png,images/train/ocr-10.png,Apache-2.0,https://github.com/PaddlePaddle/PaddleOCR/blob/2661c7c0ef5c613e8f93c6e93b2e052399f0f854/LICENSE,image/png,reaudited_v6_train_bytes,paddleocr,561a08f36ab0685d95d560217835f4106261c6d1edc6a8e720c1346ed00812b4,https://github.com/PaddlePaddle/PaddleOCR/blob/2661c7c0ef5c613e8f93c6e93b2e052399f0f854/docs/datasets/images/ch_street_rec_1.png,docs/datasets/images/ch_street_rec_1.png,2661c7c0ef5c613e8f93c6e93b2e052399f0f854,git_commit,train,495
Microsoft and OmniParser contributors,,ui,https://raw.githubusercontent.com/microsoft/OmniParser/354021201345a96178360b28733573e27269f2de/imgs/excel.png,153997,2fa51d9c4be0e0485ae6139de8318154127fac483db12ef0b18acb866975695d,153997,1079,PNG,ui-01,images_v7/train/ui-01.png,images/train/ui-01.png,CC-BY-4.0,https://github.com/microsoft/OmniParser/blob/354021201345a96178360b28733573e27269f2de/LICENSE,image/png,reaudited_v6_train_bytes,omniparser,2fa51d9c4be0e0485ae6139de8318154127fac483db12ef0b18acb866975695d,https://github.com/microsoft/OmniParser/blob/354021201345a96178360b28733573e27269f2de/imgs/excel.png,imgs/excel.png,354021201345a96178360b28733573e27269f2de,git_commit,train,1919
Microsoft and OmniParser contributors,,ui,https://raw.githubusercontent.com/microsoft/OmniParser/354021201345a96178360b28733573e27269f2de/imgs/google_page.png,332015,b49b10aea95808a8bf260632599df38c7d0d0c0e6ec8549b049323ffc3ceb3ac,332015,2159,PNG,ui-02,images_v7/train/ui-02.png,images/train/ui-02.png,CC-BY-4.0,https://github.com/microsoft/OmniParser/blob/354021201345a96178360b28733573e27269f2de/LICENSE,image/png,reaudited_v6_train_bytes,omniparser,b49b10aea95808a8bf260632599df38c7d0d0c0e6ec8549b049323ffc3ceb3ac,https://github.com/microsoft/OmniParser/blob/354021201345a96178360b28733573e27269f2de/imgs/google_page.png,imgs/google_page.png,354021201345a96178360b28733573e27269f2de,git_commit,train,3239
Microsoft and OmniParser contributors,,ui,https://raw.githubusercontent.com/microsoft/OmniParser/354021201345a96178360b28733573e27269f2de/imgs/ios.png,1934950,0ad1727216b6f55500084d5d2c1666ad953fcec6a0f12f646693a8264f1e44d2,1934950,1792,PNG,ui-03,images_v7/train/ui-03.png,images/train/ui-03.png,CC-BY-4.0,https://github.com/microsoft/OmniParser/blob/354021201345a96178360b28733573e27269f2de/LICENSE,image/png,reaudited_v6_train_bytes,omniparser,0ad1727216b6f55500084d5d2c1666ad953fcec6a0f12f646693a8264f1e44d2,https://github.com/microsoft/OmniParser/blob/354021201345a96178360b28733573e27269f2de/imgs/ios.png,imgs/ios.png,354021201345a96178360b28733573e27269f2de,git_commit,train,828
Microsoft and OmniParser contributors,,ui,https://raw.githubusercontent.com/microsoft/OmniParser/354021201345a96178360b28733573e27269f2de/imgs/mobile.png,3262770,14e6ef211fbb612de93f568eb7a129cc529debf4321b36f06ff2d927f391ff7a,3262770,1640,PNG,ui-04,images_v7/train/ui-04.png,images/train/ui-04.png,CC-BY-4.0,https://github.com/microsoft/OmniParser/blob/354021201345a96178360b28733573e27269f2de/LICENSE,image/png,reaudited_v6_train_bytes,omniparser,14e6ef211fbb612de93f568eb7a129cc529debf4321b36f06ff2d927f391ff7a,https://github.com/microsoft/OmniParser/blob/354021201345a96178360b28733573e27269f2de/imgs/mobile.png,imgs/mobile.png,354021201345a96178360b28733573e27269f2de,git_commit,train,2360
Microsoft and OmniParser contributors,,ui,https://raw.githubusercontent.com/microsoft/OmniParser/354021201345a96178360b28733573e27269f2de/imgs/onenote.png,121408,0d9dda4fd055b0d584a7f40eed1e890e18a092d8e01f171817f10c16bb31aa4d,121408,1079,PNG,ui-05,images_v7/train/ui-05.png,images/train/ui-05.png,CC-BY-4.0,https://github.com/microsoft/OmniParser/blob/354021201345a96178360b28733573e27269f2de/LICENSE,image/png,reaudited_v6_train_bytes,omniparser,0d9dda4fd055b0d584a7f40eed1e890e18a092d8e01f171817f10c16bb31aa4d,https://github.com/microsoft/OmniParser/blob/354021201345a96178360b28733573e27269f2de/imgs/onenote.png,imgs/onenote.png,354021201345a96178360b28733573e27269f2de,git_commit,train,1919
Microsoft and OmniParser contributors,,ui,https://raw.githubusercontent.com/microsoft/OmniParser/354021201345a96178360b28733573e27269f2de/imgs/saved_image_demo.png,150095,a90160d0358f65fb0bff6693375a72c5a2be4505c51a3db32404233009216cdf,150095,1079,PNG,ui-06,images_v7/train/ui-06.png,images/train/ui-06.png,CC-BY-4.0,https://github.com/microsoft/OmniParser/blob/354021201345a96178360b28733573e27269f2de/LICENSE,image/png,reaudited_v6_train_bytes,omniparser,a90160d0358f65fb0bff6693375a72c5a2be4505c51a3db32404233009216cdf,https://github.com/microsoft/OmniParser/blob/354021201345a96178360b28733573e27269f2de/imgs/saved_image_demo.png,imgs/saved_image_demo.png,354021201345a96178360b28733573e27269f2de,git_commit,train,1919
Microsoft and OmniParser contributors,,ui,https://raw.githubusercontent.com/microsoft/OmniParser/354021201345a96178360b28733573e27269f2de/imgs/som_overlaid_omni.png,285508,aebbb1876b50ebbf2887e193b91af41f6797bbb617748b5f88a28cd3e4f5de62,285508,985,PNG,ui-07,images_v7/train/ui-07.png,images/train/ui-07.png,CC-BY-4.0,https://github.com/microsoft/OmniParser/blob/354021201345a96178360b28733573e27269f2de/LICENSE,image/png,reaudited_v6_train_bytes,omniparser,aebbb1876b50ebbf2887e193b91af41f6797bbb617748b5f88a28cd3e4f5de62,https://github.com/microsoft/OmniParser/blob/354021201345a96178360b28733573e27269f2de/imgs/som_overlaid_omni.png,imgs/som_overlaid_omni.png,354021201345a96178360b28733573e27269f2de,git_commit,train,1547
Microsoft and OmniParser contributors,,ui,https://raw.githubusercontent.com/microsoft/OmniParser/354021201345a96178360b28733573e27269f2de/imgs/teams.png,1753700,6061b1afa695c07a034313966bf48b1a90d0055408da848458858cadecc47936,1753700,1827,PNG,ui-08,images_v7/train/ui-08.png,images/train/ui-08.png,CC-BY-4.0,https://github.com/microsoft/OmniParser/blob/354021201345a96178360b28733573e27269f2de/LICENSE,image/png,reaudited_v6_train_bytes,omniparser,6061b1afa695c07a034313966bf48b1a90d0055408da848458858cadecc47936,https://github.com/microsoft/OmniParser/blob/354021201345a96178360b28733573e27269f2de/imgs/teams.png,imgs/teams.png,354021201345a96178360b28733573e27269f2de,git_commit,train,2824
Microsoft and OmniParser contributors,,ui,https://raw.githubusercontent.com/microsoft/OmniParser/354021201345a96178360b28733573e27269f2de/imgs/windows.png,1187067,091875eb3c285c5fc4681b257f0a00d529a2e225c17e9830b11115d2c12f9833,1187067,800,PNG,ui-09,images_v7/train/ui-09.png,images/train/ui-09.png,CC-BY-4.0,https://github.com/microsoft/OmniParser/blob/354021201345a96178360b28733573e27269f2de/LICENSE,image/png,reaudited_v6_train_bytes,omniparser,091875eb3c285c5fc4681b257f0a00d529a2e225c17e9830b11115d2c12f9833,https://github.com/microsoft/OmniParser/blob/354021201345a96178360b28733573e27269f2de/imgs/windows.png,imgs/windows.png,354021201345a96178360b28733573e27269f2de,git_commit,train,1280
Microsoft and OmniParser contributors,,ui,https://raw.githubusercontent.com/microsoft/OmniParser/354021201345a96178360b28733573e27269f2de/imgs/windows_home.png,6104776,036008abc32379393876e722fedab2bd02bda9b667b957bc150c2f83c725ebac,6104776,2159,PNG,ui-10,images_v7/train/ui-10.png,images/train/ui-10.png,CC-BY-4.0,https://github.com/microsoft/OmniParser/blob/354021201345a96178360b28733573e27269f2de/LICENSE,image/png,reaudited_v6_train_bytes,omniparser,036008abc32379393876e722fedab2bd02bda9b667b957bc150c2f83c725ebac,https://github.com/microsoft/OmniParser/blob/354021201345a96178360b28733573e27269f2de/imgs/windows_home.png,imgs/windows_home.png,354021201345a96178360b28733573e27269f2de,git_commit,train,3238
