id,split,source_kind,stratum
sb-completeness-bus-001,train,self_built,self_built:completeness:business
sb-completeness-bus-002,validation,self_built,self_built:completeness:business
sb-completeness-bus-003,train,self_built,self_built:completeness:business
sb-completeness-bus-004,train,self_built,self_built:completeness:business
sb-completeness-bus-005,train,self_built,self_built:completeness:business
sb-completeness-bus-006,train,self_built,self_built:completeness:business
sb-completeness-bus-007,train,self_built,self_built:completeness:business
sb-completeness-bus-008,train,self_built,self_built:completeness:business
sb-completeness-bus-009,train,self_built,self_built:completeness:business
sb-completeness-bus-010,train,self_built,self_built:completeness:business
sb-completeness-bus-011,train,self_built,self_built:completeness:business
sb-completeness-bus-012,train,self_built,self_built:completeness:business
sb-completeness-bus-013,train,self_built,self_built:completeness:business
sb-completeness-bus-014,train,self_built,self_built:completeness:business
sb-completeness-bus-015,train,self_built,self_built:completeness:business
sb-completeness-bus-016,validation,self_built,self_built:completeness:business
sb-completeness-bus-017,train,self_built,self_built:completeness:business
sb-completeness-bus-018,train,self_built,self_built:completeness:business
sb-completeness-bus-019,train,self_built,self_built:completeness:business
sb-completeness-bus-020,train,self_built,self_built:completeness:business
sb-completeness-bus-021,train,self_built,self_built:completeness:business
sb-completeness-gen-001,train,self_built,self_built:completeness:general
sb-completeness-gen-002,train,self_built,self_built:completeness:general
sb-completeness-gen-003,train,self_built,self_built:completeness:general
sb-completeness-gen-004,train,self_built,self_built:completeness:general
sb-completeness-gen-005,train,self_built,self_built:completeness:general
sb-completeness-gen-006,train,self_built,self_built:completeness:general
sb-completeness-gen-007,train,self_built,self_built:completeness:general
sb-completeness-gen-008,train,self_built,self_built:completeness:general
sb-completeness-gen-009,train,self_built,self_built:completeness:general
sb-completeness-gen-010,train,self_built,self_built:completeness:general
sb-completeness-gen-011,train,self_built,self_built:completeness:general
sb-completeness-gen-012,train,self_built,self_built:completeness:general
sb-completeness-gen-013,train,self_built,self_built:completeness:general
sb-completeness-gen-014,train,self_built,self_built:completeness:general
sb-completeness-gen-015,train,self_built,self_built:completeness:general
sb-completeness-gen-016,validation,self_built,self_built:completeness:general
sb-completeness-gen-017,validation,self_built,self_built:completeness:general
sb-completeness-gen-018,train,self_built,self_built:completeness:general
sb-completeness-gen-019,train,self_built,self_built:completeness:general
sb-completeness-gen-020,train,self_built,self_built:completeness:general
sb-completeness-gen-021,train,self_built,self_built:completeness:general
sb-factuality-bus-001,train,self_built,self_built:factuality:business
sb-factuality-bus-002,train,self_built,self_built:factuality:business
sb-factuality-bus-003,train,self_built,self_built:factuality:business
sb-factuality-bus-004,train,self_built,self_built:factuality:business
sb-factuality-bus-005,validation,self_built,self_built:factuality:business
sb-factuality-bus-006,train,self_built,self_built:factuality:business
sb-factuality-bus-007,train,self_built,self_built:factuality:business
sb-factuality-bus-008,train,self_built,self_built:factuality:business
sb-factuality-bus-009,train,self_built,self_built:factuality:business
sb-factuality-bus-010,train,self_built,self_built:factuality:business
sb-factuality-bus-011,train,self_built,self_built:factuality:business
sb-factuality-bus-012,train,self_built,self_built:factuality:business
sb-factuality-bus-013,train,self_built,self_built:factuality:business
sb-factuality-bus-014,train,self_built,self_built:factuality:business
sb-factuality-bus-015,train,self_built,self_built:factuality:business
sb-factuality-bus-016,train,self_built,self_built:factuality:business
sb-factuality-bus-017,train,self_built,self_built:factuality:business
sb-factuality-bus-018,train,self_built,self_built:factuality:business
sb-factuality-bus-019,validation,self_built,self_built:factuality:business
sb-factuality-bus-020,train,self_built,self_built:factuality:business
sb-factuality-bus-021,train,self_built,self_built:factuality:business
sb-factuality-gen-001,train,self_built,self_built:factuality:general
sb-factuality-gen-002,train,self_built,self_built:factuality:general
sb-factuality-gen-003,train,self_built,self_built:factuality:general
sb-factuality-gen-004,train,self_built,self_built:factuality:general
sb-factuality-gen-005,train,self_built,self_built:factuality:general
sb-factuality-gen-006,train,self_built,self_built:factuality:general
sb-factuality-gen-007,train,self_built,self_built:factuality:general
sb-factuality-gen-008,train,self_built,self_built:factuality:general
sb-factuality-gen-009,train,self_built,self_built:factuality:general
sb-factuality-gen-010,train,self_built,self_built:factuality:general
sb-factuality-gen-011,validation,self_built,self_built:factuality:general
sb-factuality-gen-012,train,self_built,self_built:factuality:general
sb-factuality-gen-013,train,self_built,self_built:factuality:general
sb-factuality-gen-014,train,self_built,self_built:factuality:general
sb-factuality-gen-015,train,self_built,self_built:factuality:general
sb-factuality-gen-016,train,self_built,self_built:factuality:general
sb-factuality-gen-017,validation,self_built,self_built:factuality:general
sb-factuality-gen-018,train,self_built,self_built:factuality:general
sb-factuality-gen-019,train,self_built,self_built:factuality:general
sb-factuality-gen-020,train,self_built,self_built:factuality:general
sb-factuality-gen-021,train,self_built,self_built:factuality:general
sb-format-bus-001,train,self_built,self_built:format:business
sb-format-bus-002,train,self_built,self_built:format:business
sb-format-bus-003,train,self_built,self_built:format:business
sb-format-bus-004,train,self_built,self_built:format:business
sb-format-bus-005,train,self_built,self_built:format:business
sb-format-bus-006,train,self_built,self_built:format:business
sb-format-bus-007,train,self_built,self_built:format:business
sb-format-bus-008,train,self_built,self_built:format:business
sb-format-bus-009,train,self_built,self_built:format:business
sb-format-bus-010,train,self_built,self_built:format:business
sb-format-bus-011,train,self_built,self_built:format:business
sb-format-bus-012,validation,self_built,self_built:format:business
sb-format-bus-013,train,self_built,self_built:format:business
sb-format-bus-014,train,self_built,self_built:format:business
sb-format-bus-015,train,self_built,self_built:format:business
sb-format-bus-016,train,self_built,self_built:format:business
sb-format-bus-017,train,self_built,self_built:format:business
sb-format-bus-018,train,self_built,self_built:format:business
sb-format-bus-019,train,self_built,self_built:format:business
sb-format-bus-020,validation,self_built,self_built:format:business
sb-format-bus-021,train,self_built,self_built:format:business
sb-format-gen-001,train,self_built,self_built:format:general
sb-format-gen-002,train,self_built,self_built:format:general
sb-format-gen-003,train,self_built,self_built:format:general
sb-format-gen-004,validation,self_built,self_built:format:general
sb-format-gen-005,train,self_built,self_built:format:general
sb-format-gen-006,train,self_built,self_built:format:general
sb-format-gen-007,train,self_built,self_built:format:general
sb-format-gen-008,train,self_built,self_built:format:general
sb-format-gen-009,train,self_built,self_built:format:general
sb-format-gen-010,train,self_built,self_built:format:general
sb-format-gen-011,train,self_built,self_built:format:general
sb-format-gen-012,train,self_built,self_built:format:general
sb-format-gen-013,train,self_built,self_built:format:general
sb-format-gen-014,train,self_built,self_built:format:general
sb-format-gen-015,train,self_built,self_built:format:general
sb-format-gen-016,train,self_built,self_built:format:general
sb-format-gen-017,train,self_built,self_built:format:general
sb-format-gen-018,train,self_built,self_built:format:general
sb-format-gen-019,train,self_built,self_built:format:general
sb-format-gen-020,train,self_built,self_built:format:general
sb-format-gen-021,validation,self_built,self_built:format:general
sb-helpfulness-bus-001,train,self_built,self_built:helpfulness:business
sb-helpfulness-bus-002,train,self_built,self_built:helpfulness:business
sb-helpfulness-bus-003,train,self_built,self_built:helpfulness:business
sb-helpfulness-bus-004,train,self_built,self_built:helpfulness:business
sb-helpfulness-bus-005,train,self_built,self_built:helpfulness:business
sb-helpfulness-bus-006,train,self_built,self_built:helpfulness:business
sb-helpfulness-bus-007,train,self_built,self_built:helpfulness:business
sb-helpfulness-bus-008,train,self_built,self_built:helpfulness:business
sb-helpfulness-bus-009,train,self_built,self_built:helpfulness:business
sb-helpfulness-bus-010,train,self_built,self_built:helpfulness:business
sb-helpfulness-bus-011,train,self_built,self_built:helpfulness:business
sb-helpfulness-bus-012,train,self_built,self_built:helpfulness:business
sb-helpfulness-bus-013,train,self_built,self_built:helpfulness:business
sb-helpfulness-bus-014,validation,self_built,self_built:helpfulness:business
sb-helpfulness-bus-015,train,self_built,self_built:helpfulness:business
sb-helpfulness-bus-016,train,self_built,self_built:helpfulness:business
sb-helpfulness-bus-017,train,self_built,self_built:helpfulness:business
sb-helpfulness-bus-018,train,self_built,self_built:helpfulness:business
sb-helpfulness-bus-019,train,self_built,self_built:helpfulness:business
sb-helpfulness-bus-020,train,self_built,self_built:helpfulness:business
sb-helpfulness-bus-021,validation,self_built,self_built:helpfulness:business
sb-helpfulness-gen-001,train,self_built,self_built:helpfulness:general
sb-helpfulness-gen-002,train,self_built,self_built:helpfulness:general
sb-helpfulness-gen-003,train,self_built,self_built:helpfulness:general
sb-helpfulness-gen-004,train,self_built,self_built:helpfulness:general
sb-helpfulness-gen-005,validation,self_built,self_built:helpfulness:general
sb-helpfulness-gen-006,train,self_built,self_built:helpfulness:general
sb-helpfulness-gen-007,train,self_built,self_built:helpfulness:general
sb-helpfulness-gen-008,train,self_built,self_built:helpfulness:general
sb-helpfulness-gen-009,train,self_built,self_built:helpfulness:general
sb-helpfulness-gen-010,train,self_built,self_built:helpfulness:general
sb-helpfulness-gen-011,train,self_built,self_built:helpfulness:general
sb-helpfulness-gen-012,train,self_built,self_built:helpfulness:general
sb-helpfulness-gen-013,train,self_built,self_built:helpfulness:general
sb-helpfulness-gen-014,train,self_built,self_built:helpfulness:general
sb-helpfulness-gen-015,train,self_built,self_built:helpfulness:general
sb-helpfulness-gen-016,train,self_built,self_built:helpfulness:general
sb-helpfulness-gen-017,train,self_built,self_built:helpfulness:general
sb-helpfulness-gen-018,validation,self_built,self_built:helpfulness:general
sb-helpfulness-gen-019,train,self_built,self_built:helpfulness:general
sb-helpfulness-gen-020,train,self_built,self_built:helpfulness:general
sb-helpfulness-gen-021,train,self_built,self_built:helpfulness:general
sb-safety-bus-001,train,self_built,self_built:safety:business
sb-safety-bus-002,train,self_built,self_built:safety:business
sb-safety-bus-003,train,self_built,self_built:safety:business
sb-safety-bus-004,train,self_built,self_built:safety:business
sb-safety-bus-005,train,self_built,self_built:safety:business
sb-safety-bus-006,train,self_built,self_built:safety:business
sb-safety-bus-007,train,self_built,self_built:safety:business
sb-safety-bus-008,train,self_built,self_built:safety:business
sb-safety-bus-009,train,self_built,self_built:safety:business
sb-safety-bus-010,train,self_built,self_built:safety:business
sb-safety-bus-011,train,self_built,self_built:safety:business
sb-safety-bus-012,train,self_built,self_built:safety:business
sb-safety-bus-013,train,self_built,self_built:safety:business
sb-safety-bus-014,train,self_built,self_built:safety:business
sb-safety-bus-015,train,self_built,self_built:safety:business
sb-safety-bus-016,train,self_built,self_built:safety:business
sb-safety-bus-017,train,self_built,self_built:safety:business
sb-safety-bus-018,train,self_built,self_built:safety:business
sb-safety-bus-019,train,self_built,self_built:safety:business
sb-safety-bus-020,validation,self_built,self_built:safety:business
sb-safety-bus-021,validation,self_built,self_built:safety:business
sb-safety-gen-001,train,self_built,self_built:safety:general
sb-safety-gen-002,train,self_built,self_built:safety:general
sb-safety-gen-003,train,self_built,self_built:safety:general
sb-safety-gen-004,train,self_built,self_built:safety:general
sb-safety-gen-005,train,self_built,self_built:safety:general
sb-safety-gen-006,train,self_built,self_built:safety:general
sb-safety-gen-007,train,self_built,self_built:safety:general
sb-safety-gen-008,train,self_built,self_built:safety:general
sb-safety-gen-009,train,self_built,self_built:safety:general
sb-safety-gen-010,validation,self_built,self_built:safety:general
sb-safety-gen-011,train,self_built,self_built:safety:general
sb-safety-gen-012,train,self_built,self_built:safety:general
sb-safety-gen-013,train,self_built,self_built:safety:general
sb-safety-gen-014,train,self_built,self_built:safety:general
sb-safety-gen-015,train,self_built,self_built:safety:general
sb-safety-gen-016,train,self_built,self_built:safety:general
sb-safety-gen-017,train,self_built,self_built:safety:general
sb-safety-gen-018,train,self_built,self_built:safety:general
sb-safety-gen-019,train,self_built,self_built:safety:general
sb-safety-gen-020,train,self_built,self_built:safety:general
sb-safety-gen-021,validation,self_built,self_built:safety:general
uf-0016d989a91fce0cc5872999c33e205f180f80d317dc82c1c4e93b52bbed4e76,train,ultrafeedback,ultrafeedback:flan_v2_niv2
uf-003851f8b84e0a4be394e5e092298129077bc60acf160060e432b4299baed1fa,train,ultrafeedback,ultrafeedback:flan_v2_cot
uf-011ae0639f183ad9f8224df1373bb5a4e571bc471988debd5d180a53647c125c,train,ultrafeedback,ultrafeedback:sharegpt
uf-01319218cfc8d86b625d48068bca4ff49d792034fddcd80442b35d7ad829e377,train,ultrafeedback,ultrafeedback:sharegpt
uf-016fb4ed3eeb047460a3047aa7c5b291cabeaee1ebb213fe7acacdc6af26424e,train,ultrafeedback,ultrafeedback:sharegpt
uf-0212ef0da14a6af45719d880a45775a45c16947af0573eeafffc0540b2cde204,train,ultrafeedback,ultrafeedback:evol_instruct
uf-025e94b947ecd480c8f5e4819a2d4ad1cac1e246e10a52c7cfc71ecf31796c09,train,ultrafeedback,ultrafeedback:ultrachat
uf-032d5b4f2e4e6027561ab92608b51ab76cd574058fc9aaa0dd844099ab73e267,train,ultrafeedback,ultrafeedback:sharegpt
uf-033d1fb36765974cfce9f154b21dbf4e440cad78679b39cf76aa94643e31e13f,train,ultrafeedback,ultrafeedback:flan_v2_niv2
uf-036f3279b47e79a84eeb3b0f381d67b94df4a8158b56e2cbd9e14643ab426241,train,ultrafeedback,ultrafeedback:ultrachat
uf-040c2a4de9db952114eda998cb281368a69601ab3bdf30c812d2ea7786149679,train,ultrafeedback,ultrafeedback:ultrachat
uf-040ed3f17b13730afe5fe846ae5f47c87095bf3fdbf4d59f4a81a0e356ae4f45,train,ultrafeedback,ultrafeedback:evol_instruct
uf-043465563f201cdcd49f3ab96b14ce263f246acfbb8bf9bcfc17dd40bb04ae43,train,ultrafeedback,ultrafeedback:ultrachat
uf-043af5df5d4a5d8878d6dc4648ca42e4132dd178610db22a8bd02e6580e2f96c,train,ultrafeedback,ultrafeedback:sharegpt
uf-068a3e6d982e0ad5e65cc2664e13635c3707ee7718b713a4e6a2e2b67cfbf91e,train,ultrafeedback,ultrafeedback:flan_v2_p3
uf-06b3c34b34dc60ad913aa943da9f7f0c663ad806fe094f0422d84ccd694c4d90,train,ultrafeedback,ultrafeedback:flan_v2_niv2
uf-073b2673b9c7b82fa79b26f1368ee460b74d25dc8f8ea01325fb0e8aa856bd2e,train,ultrafeedback,ultrafeedback:flan_v2_niv2
uf-073cba258f0beac66bc3deaaf1412286148d8e0b50bd5cbab7ab79fa83efbd08,train,ultrafeedback,ultrafeedback:sharegpt
uf-0744c46c1367fd245c07fce26a5c87d77c4673715215e9d7bc1bcc5ffdee79bb,train,ultrafeedback,ultrafeedback:flan_v2_niv2
uf-092414667ca76f467db0c86aeec8e54d42fcf3f6c343041da7e7d36e6c4d659d,train,ultrafeedback,ultrafeedback:ultrachat
uf-0a1a0efdd550fc98a5f32ac9acc4e1eba2960c238f42cf905bd400ba6619ebfd,train,ultrafeedback,ultrafeedback:evol_instruct
uf-0a9e9df1ab975eb95fea9c495bbcad872674e1b51d15213d2b918226407d5b3b,validation,ultrafeedback,ultrafeedback:evol_instruct
uf-0b7e633cf5cd99698ba4483317c8ce5eb3b5617da312f3cd309077366a4c86a2,train,ultrafeedback,ultrafeedback:sharegpt
uf-0b9a6404e8db7de1cba1ef4cf1a9bfe0b6454a62cf9389a5b11c69944ebc3a1b,validation,ultrafeedback,ultrafeedback:ultrachat
uf-0c4dce9bde3f9daa99f669ec8499818252d4f58b24fddc876c62c7723bf49f5b,train,ultrafeedback,ultrafeedback:ultrachat
uf-0c943a9a329ee58a097aa3365dd3c429164770a7de46f46b86eac3840227e3ef,train,ultrafeedback,ultrafeedback:sharegpt
uf-0cf8889584b6d3ababa6cf85b73c459933a88cf4eb85e7f9802668e94f67b1f0,train,ultrafeedback,ultrafeedback:ultrachat
uf-0d401429b45f036a7e351f4efd5b4fac858faa774ce3dbe2b1d0e9d9a6875eca,train,ultrafeedback,ultrafeedback:sharegpt
uf-0d60e196a56d11bb2f2a82c0e6e53355be3d7170c60dbf3bb86f866092fa29f4,validation,ultrafeedback,ultrafeedback:flan_v2_p3
uf-0d795f7f878fbf9552d88fc4e713024921531a340bd71a53ad865a4239970ea2,train,ultrafeedback,ultrafeedback:flan_v2_niv2
uf-0e0f2daaf58cd20929be3660d67eb2d8fed82864796678477529cf63fa37e941,train,ultrafeedback,ultrafeedback:flan_v2_niv2
uf-0e3c0ff8b34b1807e98c351ac955c3b1d144037162ce7cb51733d5179db07fa5,train,ultrafeedback,ultrafeedback:flan_v2_cot
uf-105e5b612c66d633adeac55e6551bffa4b04b9be72c4502cbcd88b14f04cefc5,train,ultrafeedback,ultrafeedback:flan_v2_niv2
uf-11bdf1f427a72887f9e2f90b04c25ed2acc34cc7e6c807cf282bd4c4df13b93f,validation,ultrafeedback,ultrafeedback:sharegpt
uf-1223a097a5879602695f56dbde93d6f153a3f6bc2f201e38501180f935f995f1,train,ultrafeedback,ultrafeedback:sharegpt
uf-12328cdf7ee2d2e219a1a924e1666e22105fe229b1d00957127485f6c947a9df,train,ultrafeedback,ultrafeedback:sharegpt
uf-1283c3ee646f8a3fb83757ec26886d18444862807695481279dea902bb8e40b0,train,ultrafeedback,ultrafeedback:ultrachat
uf-129d10b8724ba2b31a1044dd610ce85eab45798ebd7351f04fd05e2e997e4472,train,ultrafeedback,ultrafeedback:evol_instruct
uf-13c41ff9e4f479fb7c99bc91c3d61a530d60c0ddef0fae85f36400ffc0b91b73,validation,ultrafeedback,ultrafeedback:sharegpt
uf-14a2a22b6de22d5501075cb497d1ac469fcf0cf491766c2d115b2e3eef9661e6,train,ultrafeedback,ultrafeedback:ultrachat
uf-154dde5258a548187b4ed73c2ccaa22c4d8316b7cc516ac332098534c23861f6,train,ultrafeedback,ultrafeedback:evol_instruct
uf-15b129fb17a60f382eb7b639e029998571aa91d09268e882fb351065ac0bd3a0,train,ultrafeedback,ultrafeedback:sharegpt
uf-15d29127acd691ebd7d1bce222c578e5b26b24ace5bfc8f5d6aef635cb292afe,train,ultrafeedback,ultrafeedback:sharegpt
uf-15e58d6806bfc1941e159a0223b9c10121bf5f80cc39d7ff79ac87e75e83d1db,train,ultrafeedback,ultrafeedback:sharegpt
uf-15f4aceff1eb342c5ff9e9577393bb6ca2046efadfcc16a557a6d94b6989967f,train,ultrafeedback,ultrafeedback:sharegpt
uf-160aa2eee66fe2e873e1d43a45a4ef132d936eb383db71b06e5aaaed9d0133ad,validation,ultrafeedback,ultrafeedback:flan_v2_niv2
uf-16cd88425e64d14a48d6917ffd639f5de22717d3285ff5f8bec1e75343e6de3f,train,ultrafeedback,ultrafeedback:sharegpt
uf-16fbd10da9fb79a368e571adc810b88a042ba29cdb51e9e200710f640c1840c4,train,ultrafeedback,ultrafeedback:sharegpt
uf-1848f4db556f27af45acdd0655a610b271f29232a76c25a28903e452f30d756e,train,ultrafeedback,ultrafeedback:flan_v2_niv2
uf-18f93953132f4e6f809f286304a1986263378e0fcec659043751dcb1ec56f556,train,ultrafeedback,ultrafeedback:flan_v2_cot
uf-194ff02d7e4c66167799f878c85ae081d60723db2bc4507634deac745ceae837,train,ultrafeedback,ultrafeedback:flan_v2_p3
uf-1973becb33833397fd769ec37cb672d5ccd59ad7bf3f342ec360d0506fd3330b,train,ultrafeedback,ultrafeedback:sharegpt
uf-19d7e387918dfcb5a6308208e42dbb9d86e67a3ce568649f79d2b1cc17781bce,train,ultrafeedback,ultrafeedback:sharegpt
uf-19f75be5e8456f89c6b5c7577cb8a0e52e1111798875ae73fc65569aa9dc41ee,train,ultrafeedback,ultrafeedback:flan_v2_niv2
uf-1a1888f7453a71e74caacd9634c72f47fb6f48ba6b7308d120a69ba4952060c5,train,ultrafeedback,ultrafeedback:evol_instruct
uf-1a9b3af4fff6eca8d43fe6c41d1648b4c99a94fefbb4380d9fd424cf7a665a1e,train,ultrafeedback,ultrafeedback:sharegpt
uf-1bc4916b200b1ffaa3f66e09c9622a8132283347415663ebb4635b47dba6adac,train,ultrafeedback,ultrafeedback:sharegpt
uf-1c438abdf7951bebdbdeec18acc243ce30fe4876243d3fe340ebb83f6f4c3f1b,train,ultrafeedback,ultrafeedback:flan_v2_niv2
uf-1de773dfea7083e3c1ef7370337467eb8bbb304fe72ec007f205c402999c70b8,train,ultrafeedback,ultrafeedback:flan_v2_niv2
uf-1f10a6d1637820a325c74e189d7b33c457a5e6583040f4a371987a7ec9c0f6ac,train,ultrafeedback,ultrafeedback:sharegpt
uf-1f360d24c5fa7447b4900535818c03df364285374557636e98be50fecde5298a,train,ultrafeedback,ultrafeedback:flan_v2_niv2
uf-1f5a33fbf5a6c072791dea99bd3fdc933afb4f8f3aa5cc4eaa0360c12ef0358d,train,ultrafeedback,ultrafeedback:sharegpt
uf-1f805accfa42b6c6b45a238b05330c807ba6022c1b41a266ab3efd708bb947c5,train,ultrafeedback,ultrafeedback:evol_instruct
uf-1fa8da3117e36c5e2d36481bb04a7cd75ef77f7275bb1e7b6deb3888ef7fef41,train,ultrafeedback,ultrafeedback:flan_v2_niv2
uf-1fdbbd4632a4d81b6c6003ceb01d8dedbe0b77b175da0c561740b9c44717b944,train,ultrafeedback,ultrafeedback:flan_v2_niv2
uf-1fea5148c1ccee7191f11ac6154fe98c6d00d0b2af2795ca8e0aeb5564b5e0f1,train,ultrafeedback,ultrafeedback:ultrachat
uf-20da0529b94030d782be4fc4b951e958379e27248747a512659d0706114485cf,train,ultrafeedback,ultrafeedback:evol_instruct
uf-2128f489d3ce5f3efb81b960bfc46fefd32dff93bac229d9e42d3999bc1c2fe6,train,ultrafeedback,ultrafeedback:flan_v2_niv2
uf-233a547844fe9e2f396fd1bfbb6b8609f37c57a2458745e90bb5f747c8f1a6f5,train,ultrafeedback,ultrafeedback:sharegpt
uf-23af310e52a95cb0176d24d4c5387259595409c1535faab9c42232a45b8c33b5,train,ultrafeedback,ultrafeedback:evol_instruct
uf-245b108752b8ae501d67b8bc929529ac2393980f54e3aac0ac8c119bb77d116f,validation,ultrafeedback,ultrafeedback:flan_v2_niv2
uf-24ca6e87496929fd24e805001a1aabf01a4cfe70951f3d0fbfd7e7df752eb61c,validation,ultrafeedback,ultrafeedback:flan_v2_cot
uf-24f1274012b79c70eb20fad58f78874221d3c51adbfc09cc53f13732d06b387e,train,ultrafeedback,ultrafeedback:evol_instruct
uf-2563dbddbb524911c34b7bb1727c8655f10ebacc2874a6ff98b06acb9d5da8f3,train,ultrafeedback,ultrafeedback:sharegpt
uf-262c81669c644931ab82bb9330c86c893f9431dd0c2be10e99e32886bda0a342,train,ultrafeedback,ultrafeedback:flan_v2_niv2
uf-267466910a58193e436117e844c16ff406241f2e6fd45f2cc43e57f2b96f060f,validation,ultrafeedback,ultrafeedback:sharegpt
uf-2678968d9c286414e983011b7e58683b859915f4053aa88db99faba9e6af61a9,train,ultrafeedback,ultrafeedback:evol_instruct
uf-269be81c9c8a0f60216a3c61042fb46bb340575a2e8445c546f25c86c55c842d,validation,ultrafeedback,ultrafeedback:sharegpt
uf-26b9bea5ef2f9c885c55edc1307c82c42706b12f2bac80e47d79f48eb028cc84,train,ultrafeedback,ultrafeedback:flan_v2_niv2
uf-277f7e5dd0d055898dda6b72f32d63efc0e243336d9fdf32c58d4360d6e97de5,train,ultrafeedback,ultrafeedback:ultrachat
uf-28b8bf5b9ec64c2bd072306bbfd4e95745f8ca7b2dbc4a0c6cacc2b2640b49b0,train,ultrafeedback,ultrafeedback:flan_v2_niv2
uf-28f4c03fcfca3599aad7c2128a9e411cd3712006d6e6996edeb43aeb95643ad0,train,ultrafeedback,ultrafeedback:evol_instruct
uf-29aeec6659342d809691cd69ff4d9bc8cd0342454270672cbbbcf3720879c1fe,train,ultrafeedback,ultrafeedback:evol_instruct
uf-2a373739861ce0bc905729dc58f4cdbb393e074009798bff52003e504a854f6b,train,ultrafeedback,ultrafeedback:flan_v2_niv2
uf-2a42cb5db2d2194b2b114094932b4e377c81e8da48eefc2093b20ad9512ac670,train,ultrafeedback,ultrafeedback:flan_v2_niv2
uf-2a4ed7f632dfc21d1dc342051eaf8ea1bcdb528a4fa5913df322c41d84eebe2c,train,ultrafeedback,ultrafeedback:evol_instruct
uf-2c3e38ce8920f12b830f8e3b9b386af56bd93a58c917a92627485cc8391e01ae,train,ultrafeedback,ultrafeedback:flan_v2_niv2
uf-2e760b1af83c2ed969c6b9627284a4ce0bb9aeb62d8991bbd843972536aac836,train,ultrafeedback,ultrafeedback:sharegpt
uf-2e906ab61941884ce660039e7843ca5a393f03b894ffb6152187d3aa9eca6497,train,ultrafeedback,ultrafeedback:evol_instruct
uf-3020e54e5aa83f92d06dcb8db461ff48d61ba6e76e0d333bfbe7a94b404630f7,train,ultrafeedback,ultrafeedback:evol_instruct
uf-303f3b4d7898b921d7652b677fcd810e41a7331215af8d78098e31c2a8d9f5fe,train,ultrafeedback,ultrafeedback:sharegpt
uf-3083593149090a0b7823b8d9f520ace2b3df22cf970a121ac93c26b3333cc030,train,ultrafeedback,ultrafeedback:ultrachat
uf-30d902ea69d1dbcd1f9146a7b0da633701216e406fa4616685c32b17ef5e97c5,train,ultrafeedback,ultrafeedback:flan_v2_niv2
uf-30f9aea5523a0cf438f7dec4bcb6f107b5681447f27faca81d3aa9ab7ae1c254,train,ultrafeedback,ultrafeedback:flan_v2_niv2
uf-318d34270e67c271aeb9ba7531e0862417596d3a6bb118b777bafc37f46022a2,train,ultrafeedback,ultrafeedback:false_qa
uf-332c85f5666c711b508306c20b59c7cd0e4af962c014c345812f19c0bc6debe6,train,ultrafeedback,ultrafeedback:ultrachat
uf-337dc788cb754ddf56cbf73a6237a467405de282504dd46cfe761cd28b9930a1,train,ultrafeedback,ultrafeedback:flan_v2_p3
uf-34622bdf88267a46b0f5304e14bcdf5a5750d78791488d72405914ebd7a84699,train,ultrafeedback,ultrafeedback:ultrachat
uf-3474a595cd125dcf0a31271abfc92540c0fd9844c53ebbd8dcb3781fdc5589af,train,ultrafeedback,ultrafeedback:flan_v2_niv2
uf-348c13ccaee272cbca0caa5254febb579d25e26e2648f56fe0a9f29ed9d89e91,train,ultrafeedback,ultrafeedback:ultrachat
uf-34aa7fae190d50490b5371a627a801e482a37be6f562acc21d0c207076033982,train,ultrafeedback,ultrafeedback:sharegpt
uf-34ff6a95bf99ec6bf3b335b812bd2f3f7684e886c74638b0b8880f708ec2ddaa,validation,ultrafeedback,ultrafeedback:false_qa
uf-357081d0fb0bccd8b699f1d4d4d7057bf9fa5cd814c34e632b2f7e5f64eafaf3,validation,ultrafeedback,ultrafeedback:ultrachat
uf-35a4d04e67e421891c12b44f40ec5aba1c323cb6f7f54bf3961e93474a9e7d67,train,ultrafeedback,ultrafeedback:flan_v2_niv2
uf-35f98c4984a0f3f759f941bb187684f5d0673b552cc44e142a1d787cd836c784,train,ultrafeedback,ultrafeedback:sharegpt
uf-36f4cd8dd7f14d4f84e3d05a364ef50282827a9081c386c410ee353a42101c99,train,ultrafeedback,ultrafeedback:ultrachat
uf-372f65a9ba156189c0cac0b560619b6f19c08ff509983a03740fa0ca937ed7a2,train,ultrafeedback,ultrafeedback:flan_v2_niv2
uf-37cc4f891a76586692b94b6b5d29edfb480ce686e1af44a409712fccfd426ce3,train,ultrafeedback,ultrafeedback:evol_instruct
uf-37cf80a0219620bca7c31f30f0ab70990a22c8a57ddc28eb4f2ff5e360a70eae,train,ultrafeedback,ultrafeedback:sharegpt
uf-383c4c946d8facfa57db89020b0903141951611f3709b7c1676593b16f64f393,train,ultrafeedback,ultrafeedback:ultrachat
uf-38befda8b7331d192008721b8ff40053f85476e3c55371d8500518a50197828f,train,ultrafeedback,ultrafeedback:flan_v2_niv2
uf-38bf743453675d16a9e1f33317551937cc7819068d363f61fe23079051f72c9a,train,ultrafeedback,ultrafeedback:sharegpt
uf-38c89a0af569669196377daa1f3740a4d4fd80402aeb537540e1577ca7ff31e4,train,ultrafeedback,ultrafeedback:sharegpt
uf-38fd655b15b053f8d68db6519ed98da683f26614d4dcf5e9c679dfa1bfb6f875,train,ultrafeedback,ultrafeedback:sharegpt
uf-39ebb03cb18da654c60c22d231f17a556f97f8aaa037a2ef1d2ca3fa14f694c4,train,ultrafeedback,ultrafeedback:sharegpt
uf-3b11391ac5df402d459061b7555bbc234bd796f1e52574df19903e3a83308674,train,ultrafeedback,ultrafeedback:evol_instruct
uf-3b9571f6fddc0eb5a79e3239a67f5bd554cf86d162b5d8785d771f4af7aa024b,train,ultrafeedback,ultrafeedback:sharegpt
uf-3c659ac79303d1536aa82e5eabc1ddc66ed88687d2e6a2ff787e227016a1b869,validation,ultrafeedback,ultrafeedback:evol_instruct
uf-3c84faa48421be09ab0a1ea25c968776b972d49a18dff9acc3c2fe39ecc472d0,train,ultrafeedback,ultrafeedback:sharegpt
uf-3d23c16b83727a258480bddad3e103d5f24271e2e7f63d141eb4e554643191d3,train,ultrafeedback,ultrafeedback:ultrachat
uf-3e0e00588a58ecc3b23f824a056ce1a80b9581db0ee1d9a07f3aa7cfe5c6f45e,validation,ultrafeedback,ultrafeedback:evol_instruct
uf-3f4aef4f8a65440eb17121bee85c50a5e2c112cd4d3b770db235bba7cd20214b,train,ultrafeedback,ultrafeedback:flan_v2_niv2
uf-3f9537764b78407f97040318cbc181196f189370424b25e7f0f2fe30f34e1faa,validation,ultrafeedback,ultrafeedback:flan_v2_niv2
uf-40f17071b6b6cb5cc8861ae661a15c29125917653b99c6cfc0cb485b98bccbf7,validation,ultrafeedback,ultrafeedback:ultrachat
uf-41877cd04389a82727bca2a5eeb0b62a50332037d847c8d4bc3d5f3b49b0fc39,train,ultrafeedback,ultrafeedback:sharegpt
uf-41a744098492235a31cae2bd67edf1fa68f70520d0a635833d57c31d35198922,train,ultrafeedback,ultrafeedback:flan_v2_niv2
uf-4228a8131d40159d1afc3e39e435015842cb9c326464065444bec01306ef9787,train,ultrafeedback,ultrafeedback:flan_v2_niv2
uf-42b165f2b220dd6139f00fea73581a342d2253810fe0a979d65ee668d4ad82ba,train,ultrafeedback,ultrafeedback:sharegpt
uf-4370f4261c3e9373112257f8575ce31c520a4a360067176d28dce51f365f96f5,train,ultrafeedback,ultrafeedback:ultrachat
uf-438cf4b105de94550ab7cfacf24550411cdb307cfed78f2aedc67942c859ecca,train,ultrafeedback,ultrafeedback:evol_instruct
uf-43cc3237e90555ad8c94aef78887af6e097c06bb2ce5e971b8f9bf28e0210735,train,ultrafeedback,ultrafeedback:evol_instruct
uf-44b63da2c197720736c80299cd444a6541b7ff4097b17d019b9311f7cfcd3f4c,train,ultrafeedback,ultrafeedback:flan_v2_cot
uf-44c659fa5eb5414aef395fa4633a4e4accb5c1d240c9051828e0da66992f998f,train,ultrafeedback,ultrafeedback:sharegpt
uf-451bd8c32b994082ef02d8bf75ed7cb09eb026c24f7f1c689b2baf105524fad6,train,ultrafeedback,ultrafeedback:sharegpt
uf-455d518e557138f9e11422d538dd0fa509b8ff92473422355bd750c065ffa345,train,ultrafeedback,ultrafeedback:sharegpt
uf-469d526a594b7a745e403e684befbc5e9cd502ccd325d2282d663633d349fc5f,train,ultrafeedback,ultrafeedback:sharegpt
uf-47057080382f2fe07ce6917a896ff54199b350c67c792f99c17c00531e9f6199,train,ultrafeedback,ultrafeedback:sharegpt
uf-4722dfe28c59208f9a9d508067007e61755c75855a28b296b47a464af26819ed,train,ultrafeedback,ultrafeedback:flan_v2_cot
uf-4749d05394ed48cf5753886346a0df865f1897c596ac344343ed2eee8c8f48d2,validation,ultrafeedback,ultrafeedback:flan_v2_niv2
uf-47f1e00255844184019f14d7826c756c62c6927fea2d230ff9d767ba16c9ab23,train,ultrafeedback,ultrafeedback:flan_v2_niv2
uf-48f1456c66ad22fbdbf852a5027156a009cd7f88a375dbec110e9d6815ac0321,train,ultrafeedback,ultrafeedback:evol_instruct
uf-490e22d9a3b1fb859067a9b032053f2e539438b2254643e8b6757653bac512d1,train,ultrafeedback,ultrafeedback:flan_v2_cot
uf-49bfe7a29ddaae80b55e2ab3406e8bca7c320928896348b6993afcd2cfe7c76d,train,ultrafeedback,ultrafeedback:sharegpt
uf-49cc8e2b9045d1de35fcf158b23703cb85dfde46a97eb4529873ff11bcae5a44,train,ultrafeedback,ultrafeedback:flan_v2_niv2
uf-4a23c168b3106f53ade15df09a29798942f3dbc6f320afddfddb213c09445c7c,train,ultrafeedback,ultrafeedback:flan_v2_niv2
uf-4ad57d5aa8ec1f0dc58ccd6f1708a0991c40734394e4fdf790d8d97edfa468a4,validation,ultrafeedback,ultrafeedback:sharegpt
uf-4b8e41bb1065040fec18ea80a6d1a034bc423d549eaaa4c8c66cec27eaf93cfb,train,ultrafeedback,ultrafeedback:ultrachat
uf-4be7ccf6a262edf9da3b6456c60fb3eac2883b7d541648acbbb87c7b1649b80b,train,ultrafeedback,ultrafeedback:ultrachat
uf-4c100a97b493e62142edd6b29ea95f17222a57b4e8160ff80ed036b88c3b31d0,train,ultrafeedback,ultrafeedback:flan_v2_niv2
uf-4cc0ba3899768956894b1d430fe17ceb5efa40b4e523cf0ff1762fe6519a9cfe,train,ultrafeedback,ultrafeedback:ultrachat
uf-4d5c64c8854d20246f649f1f3e1c9af66cad4e43caa60e5ab0897e1811cafb61,train,ultrafeedback,ultrafeedback:ultrachat
uf-4dcb7a170c74c6f86a23914571deb976c0e53d1929cf74429e4beb91914c9cee,train,ultrafeedback,ultrafeedback:evol_instruct
uf-4e5d4d5fcbfa0572482e09a7482f3d4c17686e39746ed42abe6b6ec653ca6751,train,ultrafeedback,ultrafeedback:evol_instruct
uf-4e93c12bfe7023770641ca6e0c26b7cd6915cdb23ce1af12e2b34755fcca28c6,validation,ultrafeedback,ultrafeedback:ultrachat
uf-4f477f2eb8ca7a85b074038209871bb0a6a65722ce304dceb112d50c735de4d3,train,ultrafeedback,ultrafeedback:flan_v2_niv2
uf-4ffa7b6cbccc6ec1c9acbf56bf331950444ed1e8b5845441958deee0131010a5,train,ultrafeedback,ultrafeedback:false_qa
uf-5038c53e7e68215f0fb9ffb696a245b59a44d043a00738cd3144fc325bb85c04,train,ultrafeedback,ultrafeedback:false_qa
uf-51594dfca3976724222cdf1b7f466d600739c4ed4bece88c40fc9074fc7a8057,train,ultrafeedback,ultrafeedback:sharegpt
uf-51bb2a00db01514d8ff15bdcd4396a354d4aa7524bfcf013ffad2ee5cbe4aed6,train,ultrafeedback,ultrafeedback:evol_instruct
uf-51bcd358b6c9636096b01edd327f0d22460518b69656d5d7604c84d40340facd,train,ultrafeedback,ultrafeedback:false_qa
uf-51c23c5d6c1cd55e1750d16d56fcc617292e0f60589dc1da4f5cc4bf3e43eb8c,train,ultrafeedback,ultrafeedback:sharegpt
uf-5304a6967a6a979953c275db040713ff4145bffe4c4cfd8eed76a5f9848e1d2d,train,ultrafeedback,ultrafeedback:sharegpt
uf-5342df9946af07c3d70d961d85c8ec7625d741750c1ee38bdaaa6b62e741fd06,train,ultrafeedback,ultrafeedback:sharegpt
uf-553a2a0828c0ab1231a82a25b4c16a2412ff028d520ee4ccdaad1f53053810e0,train,ultrafeedback,ultrafeedback:flan_v2_niv2
uf-55b743a9b81d27115013da5baf0dcfa743ae83b6fb7b79529525437b89e72c5b,train,ultrafeedback,ultrafeedback:evol_instruct
uf-5636c552a8fc3444f8c8c7cfb82841bf3fa2db25571834c252baaa11ec6b7122,train,ultrafeedback,ultrafeedback:flan_v2_niv2
uf-5759f7866dd44a78a8f70f82ba1aa9ea9302cf0e012ca85418f1fe2e80ed07d8,train,ultrafeedback,ultrafeedback:flan_v2_cot
uf-591bef6842f3e7593e1d9e7a036f85a91e93573bed26d7fe6eb26eda6099820c,validation,ultrafeedback,ultrafeedback:flan_v2_cot
uf-5a69d4ae46ca557828e26b9304df1d9fce008d109ec0113bcdc7aa4314672ae6,train,ultrafeedback,ultrafeedback:flan_v2_niv2
uf-5b76cf5bbeda350c785f4c088972445587448378745f1f578b81ce9b8d0f3803,train,ultrafeedback,ultrafeedback:sharegpt
uf-5d96318eb3282c93782fede6cc702826d62c4d487f8c53bb1d2a897d18969474,train,ultrafeedback,ultrafeedback:sharegpt
uf-5ee23cc6c5a879d1a88bd365bbe1b6e51379432552e5a275e6dfed8e0ac0d851,train,ultrafeedback,ultrafeedback:ultrachat
uf-5ee4efeb449ef13b2718060ab8775cf9eff04d51351caf399a4db27d4bb718c0,train,ultrafeedback,ultrafeedback:sharegpt
uf-5f07e0fb701206ce0daedf9c46796a4293e824bc3ec05e917d9aa0cce4e24e2d,train,ultrafeedback,ultrafeedback:ultrachat
uf-5f115f999b1305cd9ed06394c650a27d314bad4d76d180c29dd34d2f9725fbb0,train,ultrafeedback,ultrafeedback:flan_v2_niv2
uf-5fad4c1c5dee23b3e133f7395330b601be4c3f71d2668ab76ccd7e3e9a1f5075,train,ultrafeedback,ultrafeedback:flan_v2_flan2021
uf-5ff754daf4a5c30856963fc801e38989dd0c2bc9dee22ab90e425ede23f89e57,train,ultrafeedback,ultrafeedback:sharegpt
uf-606b36a7aac9343b4e7b9fd2bca21cf27a287ae66120175dd0e2e147b70ce74d,train,ultrafeedback,ultrafeedback:flan_v2_niv2
uf-60d9ac55a10f242da3c5306e548499d3f5d7754af65356223ff837efa4951652,train,ultrafeedback,ultrafeedback:ultrachat
uf-6138c6cdfde116c962df4aecd0629cc795f0f5898f740e272ed01777a4d9d35e,train,ultrafeedback,ultrafeedback:evol_instruct
uf-615a2cd9e85356d3524975bacf0dc7d8131405ceec4b84f18c1774d2a989e850,train,ultrafeedback,ultrafeedback:ultrachat
uf-63c6141d97f867b0114cd15641c88d87631ec18d06e956f7e7674fb2c1be1e04,train,ultrafeedback,ultrafeedback:sharegpt
uf-6417f764b6b79c7cd326ebd6686511593afb09877222e3edae53472e61f93f9f,train,ultrafeedback,ultrafeedback:evol_instruct
uf-6437d3cb1bf4b05c65b352ff57a28dd09f2e4e20fc9cb39fa45264e0d868e3c7,train,ultrafeedback,ultrafeedback:flan_v2_niv2
uf-658365a41ea01e85da7d936d571273df93d57c2e570a6cc4057731d14e1ecdff,train,ultrafeedback,ultrafeedback:flan_v2_niv2
uf-658778881f82278cc252bc6cca0ce30570aa30a362155137477126669d616cd0,train,ultrafeedback,ultrafeedback:sharegpt
uf-667d28e6e4c5aec66284fcbcd53179ad146eb09778f171642754db1f8f1dbd6e,train,ultrafeedback,ultrafeedback:flan_v2_niv2
uf-66b9628492c3cfda18a645e991a518009e824abc797b6f9bd259d44fb8244de3,train,ultrafeedback,ultrafeedback:sharegpt
uf-66d02a300fac38a49c06e0fe08f4a039cd6cf597c39d5d3cc5e1b64968f70fbd,validation,ultrafeedback,ultrafeedback:sharegpt
uf-6766412476fbc09f461d00fd9f26d343d4bf5eb85bcdf512e2e8f196ba53605e,train,ultrafeedback,ultrafeedback:evol_instruct
uf-68f6a18cc652693cf9a743f2a5a2ff2ec860f3de74f98a5bfa6b93dc9ed40d57,train,ultrafeedback,ultrafeedback:evol_instruct
uf-698c769afeddcb50ab9da5a4c3a0100794634bf5dc141c44a0e6feba4cc542e9,train,ultrafeedback,ultrafeedback:sharegpt
uf-6a3bfae306b68439e67d83c9e33bda9f28c0c1416b9c1391b0526f409c0ff386,train,ultrafeedback,ultrafeedback:ultrachat
uf-6a686f30828bda8cdc733cb9d88c0294e77218e5ec36da00cb7eba25d075d750,train,ultrafeedback,ultrafeedback:sharegpt
uf-6ac9d1057391aa35bc56dd9897fb0e9be798d124147e93ff70422491e53e4bc3,train,ultrafeedback,ultrafeedback:evol_instruct
uf-6ad3b04698badd8ce9fb36737709a66f5413217cadab531b74768721c3e4b369,train,ultrafeedback,ultrafeedback:sharegpt
uf-6b2c055aea9840c3bb311a3f0fd4cf8f909edf1270fe86172517d0e10b9349c2,validation,ultrafeedback,ultrafeedback:flan_v2_niv2
uf-6b3c2e88093b8aa50612c8c4b64800d9c8ed099ab1c22dbbc4efa0b09c5028d3,train,ultrafeedback,ultrafeedback:sharegpt
uf-6b4fa9cd9fa58a0f87ec59dfaf0602f8f0b8fbbe567679c1d9e5b57b8617c1fe,train,ultrafeedback,ultrafeedback:sharegpt
uf-6b717c7f87823a262ebe31071797f8ae327bbee3bbaece49a0624cef61ea4c15,train,ultrafeedback,ultrafeedback:flan_v2_niv2
uf-6baef16a9778d1a10ad896b4e83c40ca2acba3ddb6f998883d5b746adc5301f9,train,ultrafeedback,ultrafeedback:sharegpt
uf-6bd555b02cc1cf764b5335cfaf899ec340d8ebb20af7a1903a3c90f17f8d859e,train,ultrafeedback,ultrafeedback:flan_v2_niv2
uf-6c58141b1f113894a8d7c740e12bbc961ce2bd83fd1034a4bd9c9ea2dc2929e8,train,ultrafeedback,ultrafeedback:evol_instruct
uf-6ca154a6a75f99a972977e7b3a286f3162679f8821379e5075abe10c859ce219,train,ultrafeedback,ultrafeedback:evol_instruct
uf-6da374eefd3e67a635a60ebd1bdfb99335854c3f6cf8b1ff243c21a88fbf9632,train,ultrafeedback,ultrafeedback:flan_v2_niv2
uf-6e331fec268a07c7d5b64b0fb257175ea19a8b1f4f6f4bd97f68a51a81a31920,train,ultrafeedback,ultrafeedback:flan_v2_niv2
uf-6e439a89e49cc30f7ad86d4c9f7afe8960f25c9d303e9a694e150bb7fe220ddd,train,ultrafeedback,ultrafeedback:flan_v2_niv2
uf-6e52f561d9caf3de9a317f07c266cc6fca0959be17b13b145d65dc24ee18eb0c,train,ultrafeedback,ultrafeedback:sharegpt
uf-6fb5b5448e291323e7a10fab78bee9f33d91944c75305d3376c5beae4aa4e29a,train,ultrafeedback,ultrafeedback:flan_v2_niv2
uf-6feeb1f7ca34147231f164c3df6b00b38f653b32b505e5f641212775aeff9cf7,validation,ultrafeedback,ultrafeedback:sharegpt
uf-6ffa5fec55135e138c7084f1f63a3c9bc4f074e9ed6686d9702678f7feef0dfd,train,ultrafeedback,ultrafeedback:sharegpt
uf-7015a45da49834907722298ec32b2f2950fcf8b205db5e0afcea45eadf29d6f1,train,ultrafeedback,ultrafeedback:flan_v2_niv2
uf-703317d395d06b0283f778e47cf92874f6acd160eb5dd6305984de2f79f22691,train,ultrafeedback,ultrafeedback:flan_v2_niv2
uf-7062c8b394a63af581e2297d181162fb2fd99acf6b4115abfadd34fd5af83a84,train,ultrafeedback,ultrafeedback:evol_instruct
uf-70aaf7e4b812b9dd63c2417b7e9dc138bf015f5120343fb83c2f857743163d36,train,ultrafeedback,ultrafeedback:sharegpt
uf-71b16f23097a0cb7d37976b067df5ce3284fb88dcc9cced8fa5bee74dc4ab701,train,ultrafeedback,ultrafeedback:flan_v2_p3
uf-71c9256123a5d6c7bfe7d100e008dcded70869d03194139d1d161fce7ac1d6a4,train,ultrafeedback,ultrafeedback:ultrachat
uf-7201f35f63b0da07e1b87db23ea9f8046ac35cf78a565ae3a023b390f370d31e,train,ultrafeedback,ultrafeedback:flan_v2_niv2
uf-7317b3da75bac943ee950cb64566b6e236e1c3060cefa539ffb316b75e0d6793,validation,ultrafeedback,ultrafeedback:flan_v2_niv2
uf-756ac8c56b5302efaa3ff4d754c7d8a90c367cadd674c95980a5cc08a1c0de44,train,ultrafeedback,ultrafeedback:sharegpt
uf-76703994bd2efafadad2f2bc686bee459b480ee333f0241479f2be8a529f421f,train,ultrafeedback,ultrafeedback:flan_v2_niv2
uf-7699dbf48a03b9a8a09e3378f9971401fd3ea6d0f58dbe0fe8ca93d337949ca9,train,ultrafeedback,ultrafeedback:evol_instruct
uf-76abc9467c0f1a9426ca0001f6c5a07a62dd2fc5064b2ae9848d6e52d191c6c0,train,ultrafeedback,ultrafeedback:sharegpt
uf-76ff78a3329f21b45fc380aad040d7777843eee259415f428637c6b1d1cb1ab1,train,ultrafeedback,ultrafeedback:sharegpt
uf-77e1b6c3f76390f29e2c40a60759ab44588f82911bfb9abd6a582c4124a78ca6,train,ultrafeedback,ultrafeedback:ultrachat
uf-789dd5a71e00f3a9b206b77e9be35a8278eace12f505accc56555ab2229ffd8b,train,ultrafeedback,ultrafeedback:evol_instruct
uf-78f81cefaeb402c5d02cf5d897a83122973ac2d8a1e8280f157ac59b4284be5b,train,ultrafeedback,ultrafeedback:sharegpt
uf-790d839319c59ee26b851f5caea751afc592d6b32c3d9937f2f603788b4bef8f,train,ultrafeedback,ultrafeedback:sharegpt
uf-7973530d2cc6ef29d33d5cdef959f1eaccb49d27c24a6af9b91bd9fedf57b64c,train,ultrafeedback,ultrafeedback:flan_v2_niv2
uf-797396875383c3629af38fa36862af5368043d22fb449ea5a9e1101391646616,train,ultrafeedback,ultrafeedback:sharegpt
uf-7a7288cfd8ec9e3cf30b346dc4188e4416294b7379821c07c4dffbeac049fc03,train,ultrafeedback,ultrafeedback:sharegpt
uf-7acb8a6abf0a09b0cde88ec4617aa6df6aab31fdc4d4c52b700bcef71d96e3ef,train,ultrafeedback,ultrafeedback:ultrachat
uf-7b0c158cf6b283cef5d0b2bb737c16df9c99b40250ede5b47957f8cd53dcca57,train,ultrafeedback,ultrafeedback:sharegpt
uf-7b5333f04d92af6524bd83df041f611ba6832377d78414775f000299e165dbe5,train,ultrafeedback,ultrafeedback:evol_instruct
uf-7b7b0a0e6a0da748247f01b404afe04382945b0fc93bd19920bfac0a86adb9bb,train,ultrafeedback,ultrafeedback:sharegpt
uf-7b80230faf9afe72a59df6a64e5cf88052d336f20b14757b7939519b564095ba,validation,ultrafeedback,ultrafeedback:sharegpt
uf-7bb44954a1d07fcdaeada063759386d4cf1307a8d8cc38a4a2682bae9d202441,train,ultrafeedback,ultrafeedback:sharegpt
uf-7ca9665d236a50aba06eceece00bb736ef37d518f67a9b8800aba3043623219f,train,ultrafeedback,ultrafeedback:sharegpt
uf-7cab0c7ed5b84f1a6aafb0be74ca7ffe57c21b2e46c0dd66db0222ccb693f746,train,ultrafeedback,ultrafeedback:evol_instruct
uf-7d9e8ba759ac68b8ea3335ad97416d57e39b15947d2bda373858088699379c72,train,ultrafeedback,ultrafeedback:sharegpt
uf-7e2e33172a245df578c63da0f6e054e6f72dc9e85510a68db37ada34dc9e820e,train,ultrafeedback,ultrafeedback:flan_v2_niv2
uf-7e6e64a1acd2dad58e68ecf1c07ea9e1cdf08dd42b412d5f3488c8efa24cb1f1,train,ultrafeedback,ultrafeedback:flan_v2_flan2021
uf-7f648e2dabf585c6a6f3899230f982d868b58285d257b7429a3d0d57696155a3,train,ultrafeedback,ultrafeedback:flan_v2_cot
uf-8084d57a50562823fe77885a4f6f9b396b0e9eea402eb9e5e39f0ad7f1d774fa,train,ultrafeedback,ultrafeedback:ultrachat
uf-8085f1a54e5b232f4d812d55c8619631d65ee590a5ae9786a6ddd8b9f5eb6cca,train,ultrafeedback,ultrafeedback:ultrachat
uf-80b869e5dda3cde97dfdb074aadabcb34fed94d317095da79aefa4d8a74e3c01,train,ultrafeedback,ultrafeedback:ultrachat
uf-816b0792c7ffeb01cef33c890a4602c3127bffb89a684e2ebfc98f6fe3dc9703,train,ultrafeedback,ultrafeedback:flan_v2_niv2
uf-81d80e3c7393618183a4549f90c95d8a52af7a9007444cfaf39429bd5a57493f,train,ultrafeedback,ultrafeedback:evol_instruct
uf-81f3458e2718ed1de2088550e962dd4d0fdcec554935285bb35379fb98a90d26,train,ultrafeedback,ultrafeedback:sharegpt
uf-830ccbca13fc23913150186413297e20bbbb29a07a8cb5955c70925f51b9c810,train,ultrafeedback,ultrafeedback:sharegpt
uf-839e354f9a58d52372a88c2bb297c55e0d2732bff34929ca704e7748b58dfd47,train,ultrafeedback,ultrafeedback:false_qa
uf-83b0a645ab0e2c8dd96775e3b8e56999a4ae47a12770e07925c485ee14108f78,train,ultrafeedback,ultrafeedback:flan_v2_niv2
uf-845f1fddaf41c07349a5c4ca99a971463f99104c2cf90c8edb08581213cef8f1,train,ultrafeedback,ultrafeedback:ultrachat
uf-84a7b1eb4cf4b3a5a865c57536106ff234eeaf125ac315bd8a8e590cc0295d89,train,ultrafeedback,ultrafeedback:evol_instruct
uf-84ef6333b5cb9537c7a47e2fe9b16d77a9f847f67a76e01713ea91bcd8bc0c25,train,ultrafeedback,ultrafeedback:sharegpt
uf-850e16d1836183cef2f46aa65be806b8e511d0f14e3e7086ecc7507b850ee0d4,train,ultrafeedback,ultrafeedback:flan_v2_cot
uf-85ba2b142b28c234e97fd68e96275d9ca449ab71918289e3e3065b8604c4f8b8,train,ultrafeedback,ultrafeedback:ultrachat
uf-85c4fe1f02f8c4d19ff2d212c42956352c3f3a507d3f8ffa206ae7600440cf43,train,ultrafeedback,ultrafeedback:sharegpt
uf-85ca07678784b3136b235e63524159e02e8149be9ee03d122159fe39f542ac88,train,ultrafeedback,ultrafeedback:sharegpt
uf-86696e604938605219a61921b3bb361efaee37507e0a5f97c1c7257429cd7d39,train,ultrafeedback,ultrafeedback:evol_instruct
uf-867346f31c9a8296854fa64c8855d07efeb05257cb7bc05a9b75f2198e073e02,train,ultrafeedback,ultrafeedback:ultrachat
uf-8691fd9f11dc2a7d96c2add10ff2b6ad5f28ec63e1acd70d13c7ec93ab1c1216,train,ultrafeedback,ultrafeedback:evol_instruct
uf-8713870b748bd703ceb2d1ace41801acdaab76140f9f277f9d39e7152bc9ca76,train,ultrafeedback,ultrafeedback:ultrachat
uf-8775d608d934d58c1dacca26bfc5e63e638c4b71c9f129e76baf258b7f372fe0,train,ultrafeedback,ultrafeedback:sharegpt
uf-877dbb72863f990493769713872c3a82f278aad51f853c6d5933660a35334b22,train,ultrafeedback,ultrafeedback:flan_v2_niv2
uf-87a605f0f7c2150db027980cd51fc9ae280b3687ad421c2384aa92cf52efafbf,train,ultrafeedback,ultrafeedback:flan_v2_niv2
uf-880ae301d0a7096270167367bb99ec78e565483c711c2176c9cfe0bb5dc2fbde,train,ultrafeedback,ultrafeedback:sharegpt
uf-88137595bc4bb659d084e0700268c1aa60c73bb1dd0999a22e37e3fd981090da,train,ultrafeedback,ultrafeedback:sharegpt
uf-882546fe96e046afd2436ac83e0f532db642f5093689218e8d8e5ddfa7418510,train,ultrafeedback,ultrafeedback:flan_v2_niv2
uf-88c7c1fe9614bf16e14016153d96952ccc4b1e944a8b0c7f3855c3fcc5d3d00b,validation,ultrafeedback,ultrafeedback:evol_instruct
uf-899dc3e72522f2350e24ae2666cbb334c000da394d9d8cc33776abeb1e2ff785,train,ultrafeedback,ultrafeedback:sharegpt
uf-8a2e30782f4750a6c2a56df337649718124c83145ad93cf670225892a1e76c3c,train,ultrafeedback,ultrafeedback:flan_v2_niv2
uf-8ab331f1ba9740f42ed3992effba27129a5da5b56ea0fc6428f2893c8ba0f210,train,ultrafeedback,ultrafeedback:flan_v2_niv2
uf-8bb1454f3dfb300789012717103af9a5085a46dea96fa94acb12ca691ffebcfb,train,ultrafeedback,ultrafeedback:flan_v2_p3
uf-8d9b8fa498355841c42107759cb0b47c879470a889347c80f8294667460f56cc,train,ultrafeedback,ultrafeedback:sharegpt
uf-8f1e1e9f6ed7ae65437108461c2b9c98aedc535e0fc431a9784a3febae2149a3,train,ultrafeedback,ultrafeedback:sharegpt
uf-8f645cb0aff174505e45888c6e7d18bdfc24c63d6acf172f7fb7e67b7c9751ed,train,ultrafeedback,ultrafeedback:ultrachat
uf-902601640e49c8887dbf09fedc2c1d796eddf8759503f27cf6c840d9851bd80e,train,ultrafeedback,ultrafeedback:ultrachat
uf-90869fada1132a4682cebf96c077436320699f0b3e116ab9be691391815daeec,train,ultrafeedback,ultrafeedback:flan_v2_niv2
uf-91aea96dc0308950bac5ea848b14b5dafceac7dd5d26750fc3fe0a6165bc1c55,train,ultrafeedback,ultrafeedback:evol_instruct
uf-922e1ba3bd3e937117ba4784239277116cd45b4d6a3958ea8973bd231d8a313a,train,ultrafeedback,ultrafeedback:flan_v2_niv2
uf-92648454882c869525267152563781da6a3b3f78b665de1cd7ff04aeab160b5d,train,ultrafeedback,ultrafeedback:sharegpt
uf-92c8d5055c3f65a2bba96b9e14769aedee72c460b4ccc001b0a3958d0d050519,validation,ultrafeedback,ultrafeedback:sharegpt
uf-92cd03b53490bd3ec5a8c4b439b893e10834750169eeba5da469f6b4e42a40f6,train,ultrafeedback,ultrafeedback:ultrachat
uf-932d561d83b91723db7cccde2ff02dec380db817a6a6e523aad6761eaa23826b,train,ultrafeedback,ultrafeedback:flan_v2_p3
uf-937bf9d15aae091e151cb2751e881ce5be88f92dbab6b8e008b7d33c62365396,train,ultrafeedback,ultrafeedback:evol_instruct
uf-93a6733bdb6bbdfb18273534afb07a536f2ce16e20e9f44004aa610659dcb1bf,train,ultrafeedback,ultrafeedback:flan_v2_niv2
uf-93e9d27e8d3d5aa09dad7429812c99412f3f49dbde27e854f1f5bb8642c0e7bf,train,ultrafeedback,ultrafeedback:sharegpt
uf-94815bfcefc8238bff93c73d1ada07e6b64d5eefc6d3a4ad2cad355393775da6,train,ultrafeedback,ultrafeedback:false_qa
uf-948fe1fda30630d1dfae5abb545d42e42c1aa176fea9082ac43241d18512003b,validation,ultrafeedback,ultrafeedback:ultrachat
uf-95e7bd2fe252d13aed375ea410db2f40ee6f0e9fdcbddc03cffffa00fd20982a,train,ultrafeedback,ultrafeedback:flan_v2_cot
uf-962d820b4a832fb2eda6e7dab954c86d9e143d1345042018fd440332a6296884,train,ultrafeedback,ultrafeedback:evol_instruct
uf-976ba69b8b645823265cdb57745a1438e89ad0117c57e56bf14dd96d0521534f,train,ultrafeedback,ultrafeedback:evol_instruct
uf-97e342aee2bf3d23062c059157673b8943536a306dff62368e4fe2fc00d170df,train,ultrafeedback,ultrafeedback:sharegpt
uf-97fb6cef15ce438e625965907b93b24593b77fefeaf9c1d87b0c125d0232c730,validation,ultrafeedback,ultrafeedback:flan_v2_niv2
uf-98744e0b8663750518e312e769c6cac534b2764a64cbf508cbb65a4aac559d4c,train,ultrafeedback,ultrafeedback:flan_v2_cot
uf-98be0bb50b7622194441b02b487f3a394118d3d34d798b524ff88ecdd786ac6c,train,ultrafeedback,ultrafeedback:sharegpt
uf-98cbd418077e456f9f9b859fe7c2163207fd47b3166636ea9443c387f213c4c6,train,ultrafeedback,ultrafeedback:ultrachat
uf-992af5830d36f32d5fb8515189f588e72ac3410b4061ade5f43af1f637251a4b,train,ultrafeedback,ultrafeedback:sharegpt
uf-997dc4d5ae7c31af23135103a39c1a9a1d206017004119347c3774e45d8aedb7,train,ultrafeedback,ultrafeedback:evol_instruct
uf-999593a8e9b1cc37f1358baffa678f5cfcb03de4ed1c3e12ca85c916a34bbef8,train,ultrafeedback,ultrafeedback:sharegpt
uf-99d7da008390a2f05f292b3e0c119b70ad5aac0618b6c4c568921cb5fb2a25a1,train,ultrafeedback,ultrafeedback:flan_v2_cot
uf-9a072e66e536e4e004973ba35ab1d40febb1d629e31d11ae90248846664fc7a5,train,ultrafeedback,ultrafeedback:sharegpt
uf-9a3bbefe0deffed78bf608ea6e356b609a44d802f10dbedda5ad282340316bee,train,ultrafeedback,ultrafeedback:ultrachat
uf-9a4cf3fcb9bd5406829f44169c449cf1db003a24bed23f6d55e32ad3ca6e517a,train,ultrafeedback,ultrafeedback:sharegpt
uf-9a5179a57523c06d7c963dd7d2d433f10fd68e694ca8515fcc4a15964f221d41,train,ultrafeedback,ultrafeedback:flan_v2_niv2
uf-9ba3ab0e0f706027d7ac32094d4e9def9e34dd4735e8ec54c271d61f5497fdde,train,ultrafeedback,ultrafeedback:flan_v2_p3
uf-9c4b7c2259ee999bec0bd35d33add98baa5cbc9ebfd6f79796d379dd68c3bb36,train,ultrafeedback,ultrafeedback:evol_instruct
uf-9c991786f7989885c9a4cbe6ebcffe9172d597085732a8fe116d04404537dfd3,validation,ultrafeedback,ultrafeedback:flan_v2_niv2
uf-9d7dc810fb6bbdfa11785c2aa8969026d54465861fdbf3cf39bcd500fbc4ca40,train,ultrafeedback,ultrafeedback:flan_v2_niv2
uf-9ded7e1145f61ed7da98a1d519f11e7eb33e8b84c819e39eb49c9ee73665d89d,train,ultrafeedback,ultrafeedback:evol_instruct
uf-9eb877aa2c3c15c6c31f8c9e35da4f8c0799a8e274765ff4b6fb483509ebec50,validation,ultrafeedback,ultrafeedback:evol_instruct
uf-9fde361501219fe2f8c597ef861a6aeac51de244623ebd6f55f4f925a736a4f7,train,ultrafeedback,ultrafeedback:flan_v2_niv2
uf-a0e0d76ff5c7ac407bd1600f03fa3186b5dcc37e3e29294edb7a12fb8d345702,train,ultrafeedback,ultrafeedback:flan_v2_niv2
uf-a14f20cadcc31782337a5de8f4b9f0aadbccd089269aea97cacea2d3ee71d9c2,validation,ultrafeedback,ultrafeedback:ultrachat
uf-a1fcd0f021761a3671ff0b8f9dc8d2f80c978665477f5e5fa3f0ef908e5e37e8,train,ultrafeedback,ultrafeedback:sharegpt
uf-a23f9f51344eb00f71909fbdde38fbbe19d2c0d4451c4b80243656381daefb9b,train,ultrafeedback,ultrafeedback:flan_v2_niv2
uf-a28f449b6948442fc1c3305e1944326e092b21e5f298967519daefbe1804d972,train,ultrafeedback,ultrafeedback:sharegpt
uf-a48651032c6059a7a81676022474b070eca9592988540ddb145b89db4a399500,validation,ultrafeedback,ultrafeedback:sharegpt
uf-a6d2586fc00cead81af9bcb9fff96c5c781a0cc6241b6a0d406a85950e23e86f,train,ultrafeedback,ultrafeedback:flan_v2_niv2
uf-a7748bbbfdc91b79ba0ab03ee1cebb611aaa8ca4c7d39df1b5023e12a805c64b,validation,ultrafeedback,ultrafeedback:evol_instruct
uf-a83d35ba280c5b09f4cd8598fbe62e779adc2bfcd9e976ad2122c02bcfcae624,train,ultrafeedback,ultrafeedback:flan_v2_niv2
uf-a897234cc279ed2128134e2d4e3752c4bfe40cbf7422700248094ed17f39cc01,train,ultrafeedback,ultrafeedback:flan_v2_niv2
uf-a8edf670fa8a6873b37c327069b023398861c05cd41e848d3787c1e330e83199,train,ultrafeedback,ultrafeedback:flan_v2_niv2
uf-a92117d6a8a95c7a744349d20ce6858b8b8b32f9733fc52c4d2021a588b2eb61,train,ultrafeedback,ultrafeedback:sharegpt
uf-aa3ac3a95048f0baa6caadec954b201cf801794b41534927e5aecb31559ad5a9,train,ultrafeedback,ultrafeedback:ultrachat
uf-aa4bf8b89f9a27387b28c2d151f587da5e778460d917babd79a96dac4ff25115,train,ultrafeedback,ultrafeedback:sharegpt
uf-aaad7b13f22a3eacdb3a65e95f4ebf77c18bab65860d47fc10d1b48873b9fd60,validation,ultrafeedback,ultrafeedback:evol_instruct
uf-ab6df1c790038a82a256a25d656330a9ee5b1d751d5a7516257c0b5a16d5aece,train,ultrafeedback,ultrafeedback:flan_v2_niv2
uf-aba58791667eba5ee32aa096ef12e4029c90622a8f37dd475a5b37f305e528ff,train,ultrafeedback,ultrafeedback:ultrachat
uf-abcac41dd545c3021526ba1cfdf55218a3e8926b4bb41d0a5fd788017ef9ac67,train,ultrafeedback,ultrafeedback:flan_v2_niv2
uf-acfc535abb172e2ff5c7cd013b76433a9608b906ac25a26af9df8437a1ca2973,validation,ultrafeedback,ultrafeedback:sharegpt
uf-ae1efb5840847f07b89ad2e8366897a86deb5361af19b8ae57cfce3307981112,train,ultrafeedback,ultrafeedback:ultrachat
uf-ae70dd499395ce01fd092a901303da907076ed7669dd1c1fa350e768f0af493c,train,ultrafeedback,ultrafeedback:flan_v2_niv2
uf-aff67ceea83ff85caaeb4673d137fe25f6c0fe8f02b0d1c394f27af4922b7e13,train,ultrafeedback,ultrafeedback:ultrachat
uf-b056e6e2db724b91b5dac0713d46ace4d764f6b96ad698c7b97d2e6673b0c2d5,train,ultrafeedback,ultrafeedback:flan_v2_niv2
uf-b058a8292438efb0d3b5bcd5a9bc4150291916fc33dcea80ea68108e7679e779,train,ultrafeedback,ultrafeedback:flan_v2_cot
uf-b1715429080bc85488c5a869da9092a7b7d5d5cf53fb9801ab180294e1508eb9,train,ultrafeedback,ultrafeedback:evol_instruct
uf-b18164ba83ee863ad515c52d12ac56185655f5e4a2cbeddcfd7b97f8b0d03583,train,ultrafeedback,ultrafeedback:false_qa
uf-b1be647267b0aa928bbd6ec760806551e277bcab85722c58eafb97d3427767d5,train,ultrafeedback,ultrafeedback:sharegpt
uf-b1cc8a581f6547eabbfbd765c1e052d66d66e48108206df37a53e579c4c38577,validation,ultrafeedback,ultrafeedback:sharegpt
uf-b2dcd066468cbcc01bb09b8f4cb466c39047914aa52a948310fa29ada437af02,train,ultrafeedback,ultrafeedback:ultrachat
uf-b2f011ac89090fce34a6eb9d89ab2c6ab7faab6e283b925beeb141a410dd3228,train,ultrafeedback,ultrafeedback:sharegpt
uf-b44efc39ad13bbc6cc9f97776b4cfe72b0e32c4a0f685d3e469a44f91f7a3c61,validation,ultrafeedback,ultrafeedback:ultrachat
uf-b45d7707ffc96cae9340e2acbaa15179f3896e56fa0ea6469a6bff3c9eb8eab8,train,ultrafeedback,ultrafeedback:sharegpt
uf-b46d2b16ace9d09312d97094772e2732f11f3a801da031bd9c1054e1033e5f87,train,ultrafeedback,ultrafeedback:flan_v2_flan2021
uf-b4ccf5ba2bcb19f3708642163c52399961fad697247b051a458705df08d6fb10,train,ultrafeedback,ultrafeedback:sharegpt
uf-b4df019b04b41830ca2bef50d35de32a97fb522f6d6ad1443189a95ae0bdee63,train,ultrafeedback,ultrafeedback:ultrachat
uf-b50f6e14ba75a57b221fadcc70f9434d1d25f9bfa9c0d73682dd07e68ca36571,train,ultrafeedback,ultrafeedback:flan_v2_niv2
uf-b5728208e07aafc323d171b9c06203175a3aa5d62b167465d7d1c52f397aa6d6,train,ultrafeedback,ultrafeedback:flan_v2_niv2
uf-b5e5b732d0874fc4f3d01627d5c4dfb6a30016c320aba295d90eafae5dbe3ea8,train,ultrafeedback,ultrafeedback:ultrachat
uf-b6f849b345393ba015b6885ea06a5ea19dcb2c42a33c78d81bf32653a7dc1eb3,train,ultrafeedback,ultrafeedback:sharegpt
uf-b75516ad6a09a76e4d1b71835b7de53eb6aa0f5a41dc05ea1072b5db5b3e446f,train,ultrafeedback,ultrafeedback:false_qa
uf-b7be41be41e8708b80a6c9d24c0b8c49f5eadefe1f0c73dfd1af675cf2fe1b2d,validation,ultrafeedback,ultrafeedback:sharegpt
uf-b7c4952cb5644e2b1f4a292591c09343766286ee61a0e6492362c9c4bec38c82,train,ultrafeedback,ultrafeedback:ultrachat
uf-b8541b43d6f59f8d1f10cb22de1557d425e444e47f2bf80fb812cfc11968235d,train,ultrafeedback,ultrafeedback:flan_v2_cot
uf-b86310cdb1b62fb4bb4befb14f60c2b3afaa474813cc0e8d5de2f3bee3bb0bf9,train,ultrafeedback,ultrafeedback:sharegpt
uf-b931d7c900cfb00827be39a45114f1325f09e690979b0fc0d98fcb725ca805bd,train,ultrafeedback,ultrafeedback:evol_instruct
uf-b9aee308df4fa940cadc2a2754774a1a42fdf043892228db13a8617680fad816,train,ultrafeedback,ultrafeedback:sharegpt
uf-b9cc4bd115c9cedea2efd57e09d39f3062e3c60ed6d6870ab39c09ea59d9a053,train,ultrafeedback,ultrafeedback:flan_v2_niv2
uf-b9ea5a01c1f05c07ce1ab84a974f64bc5b563225572d2d33bbbf779ecfce17b2,train,ultrafeedback,ultrafeedback:false_qa
uf-bc3b26a473bcc1be82aa797989f24f32cf1f1cc56692c7907fa66f865763c163,train,ultrafeedback,ultrafeedback:flan_v2_niv2
uf-bc8bb867737d0d9c8f04df1121f5292f2f963b9b3635b35bf888853288cc73c5,validation,ultrafeedback,ultrafeedback:flan_v2_niv2
uf-bcdd5968ef234dc13e7bd053e7b4d4ef1df3287977f36b20aafb96183ec84bcb,train,ultrafeedback,ultrafeedback:flan_v2_niv2
uf-bd20c9964dc01fdca854a85e19ed22fda079c8eb21123b1c0871f435827bea9a,train,ultrafeedback,ultrafeedback:sharegpt
uf-bd31e0899a662d4985c9a774a8f993f1f8ccd9c045533e5a6c2f8c04e432cb30,train,ultrafeedback,ultrafeedback:false_qa
uf-beabef422a5425c3412675d5f30bc356b5c809b305193f25fba61865fe12d6d3,train,ultrafeedback,ultrafeedback:ultrachat
uf-bf301afde88fb661509cd6fd43b80cafe87ad05b0687de21d248efb3be01f9d6,train,ultrafeedback,ultrafeedback:flan_v2_cot
uf-bf5614ea1bae33566f67d438bc4b8bd96c749a5b643d946298c946ce147a0edf,train,ultrafeedback,ultrafeedback:sharegpt
uf-bfda47655a1d7df9b9e1e3f3f9bb4729ea0a1b911868d8a379143ed865d7ea94,train,ultrafeedback,ultrafeedback:flan_v2_niv2
uf-c02c07519e7fc112e5eb55faf8820627e274189f4afbdff1a1a4b5cc81fba3bf,train,ultrafeedback,ultrafeedback:flan_v2_niv2
uf-c2263fbb698eecb39a14ca5ccb95734c45d1c2069961f61e9262d4b60e08c4e1,train,ultrafeedback,ultrafeedback:sharegpt
uf-c2704b2a53c5646f41fb198e86baeec31d16286f02da0d1daf472d42f0392515,validation,ultrafeedback,ultrafeedback:false_qa
uf-c359cfbea54b61a7b6d449262dddd7cb56f762c443542825f66af27c952bade6,train,ultrafeedback,ultrafeedback:sharegpt
uf-c3d6c5c3bec977d0df18fa2bc4d0653ea6f96730d9c603f1a6f82caaf269b7d9,train,ultrafeedback,ultrafeedback:false_qa
uf-c41bc6ec48dd8d053d3c17e26e98ca7ddee0423b2f242f9e9b79c0948887467d,validation,ultrafeedback,ultrafeedback:flan_v2_niv2
uf-c4433b896e320aa7cee0a8e8cc58ae511e9276e140de8f0a658514a8297c24bf,train,ultrafeedback,ultrafeedback:flan_v2_niv2
uf-c45002df87a72f7be9142542aef0de30cc38a76738f45626ab738e845f1aa520,train,ultrafeedback,ultrafeedback:sharegpt
uf-c4a30a9f2f86e2b7010cfb1b035ed457ccce4a6c4a0e150ccfa32dfa44201ed3,train,ultrafeedback,ultrafeedback:flan_v2_niv2
uf-c5575a37b074664b05a3215cd06aafabe50371d825c10e41d9477bc3378946c8,train,ultrafeedback,ultrafeedback:flan_v2_niv2
uf-c583fbc7d9a5c8ef1e113919ff17dc6e1d285b803c1ebd2767b9234e93ab23f7,train,ultrafeedback,ultrafeedback:evol_instruct
uf-c5bf3946b7a346d4c4596f808cdf083217660aff8864f3e47ca869cea384dc06,train,ultrafeedback,ultrafeedback:ultrachat
uf-c5e63cb1b4881e61416df2ba83de5bfcb79cd56ab53ca7d9a9515b6b8c803b35,train,ultrafeedback,ultrafeedback:sharegpt
uf-c60c9051f13adf86300f3fdd0b1f94a270324447f1ebf6aeff1583623e36eae2,validation,ultrafeedback,ultrafeedback:sharegpt
uf-c615b3322f751af4174e35809ee9349b48f6bc7ad9c1c688a092f307595eb10a,train,ultrafeedback,ultrafeedback:flan_v2_niv2
uf-c7f044dbfd2ad0dc3fe4dbfff8476633bf7d49884d78c034ab2930e0efd53123,train,ultrafeedback,ultrafeedback:sharegpt
uf-ca0c095434ca5b3b7a857da3deb62bff9ab1bd747de0d985acc8c1d0e9e33f55,train,ultrafeedback,ultrafeedback:flan_v2_cot
uf-ca90ee6f27b0fbcafaa0e67c60aa2c83be9341c13b0bad2eb724021b757596b0,train,ultrafeedback,ultrafeedback:evol_instruct
uf-caec926a5cb66296ecc700a41fabc833dc173c6b131efaf90842c5ccf47344bc,train,ultrafeedback,ultrafeedback:sharegpt
uf-cb34352156d9589443f385ba0be18671adef0f45cefe02b5b98d1b73d98f4c40,train,ultrafeedback,ultrafeedback:sharegpt
uf-cb3a0fb3bdee97e2ab80f0ed5330f36c3a1498aa69eedccfd37b8e5411896717,train,ultrafeedback,ultrafeedback:flan_v2_niv2
uf-cb667de5b6ae66cb66d9aa62a3f7eaad68666343b33bc7ea231fa922ff2b26bc,train,ultrafeedback,ultrafeedback:flan_v2_niv2
uf-cb98bdb6977e587bc10613b7e77f051b20a446a8ae2bf485ea123596bc8186b1,train,ultrafeedback,ultrafeedback:sharegpt
uf-cbcf6e3e25b049090b7b4c8a03fdba1e97503497721bfdfe677d58b770996061,validation,ultrafeedback,ultrafeedback:flan_v2_cot
uf-cc036e6d4a28665343e545905b3e71185fc9c1549efd7205f3cb64328846e2a2,train,ultrafeedback,ultrafeedback:evol_instruct
uf-cc2d3944dac1de9c40d69ca552949ad4fb4622ba3109e3ddbe9415b5dcecb4bb,train,ultrafeedback,ultrafeedback:sharegpt
uf-cc2ec4e23969b8cdabb0b1b7d68bd2185a7437b58087aa8836a004353e3cbf75,train,ultrafeedback,ultrafeedback:sharegpt
uf-cc781f7e47c4e0ef496730183ece1db9be01adc328e1f12512629f643f9fec94,train,ultrafeedback,ultrafeedback:evol_instruct
uf-ccadc8bcda01d93b829f3e0601c74ec43f1bee030cdb0b86e45da342bbdde560,train,ultrafeedback,ultrafeedback:sharegpt
uf-ccc6a79ca7da8744920b7e0664a01e8e46d43a90e3af181be14dc151ae437916,train,ultrafeedback,ultrafeedback:flan_v2_niv2
uf-cce0b40caf1a14040a8d524efe7009448f0966775b48fd3c3e4fa9ca107eb2ec,train,ultrafeedback,ultrafeedback:ultrachat
uf-cd3ae35868c8ba911b49e5d61ed90a688deaa8f8e21a9be49e7c6c06981e863c,train,ultrafeedback,ultrafeedback:sharegpt
uf-cd57f1634d7d303837cbddd0f72c81ece121717d98c2682c95eeedf996d9c492,train,ultrafeedback,ultrafeedback:evol_instruct
uf-cda15f92efbe0cedbbd180d6cabd839f70315da75def590be11f8760997efd66,train,ultrafeedback,ultrafeedback:sharegpt
uf-ce0db2b6e37d44626fa919d5a4d03f3d4548609e90395dd1f65493879986e95a,train,ultrafeedback,ultrafeedback:flan_v2_niv2
uf-ce1744b6c686133ea1685a54adb095bc35446bc5749db5cffaf77928fc47b47b,train,ultrafeedback,ultrafeedback:ultrachat
uf-cf1eed04bd260e0ddfd34db0313149848771654a6ab003299727faff5fc1ebf2,train,ultrafeedback,ultrafeedback:evol_instruct
uf-cf207d5a6365bced8d75e41fe026ca28976ebe281663cc2ef01589650bcb20cd,train,ultrafeedback,ultrafeedback:evol_instruct
uf-cf2fca8c1036c4499abf649337cce3c546fe190e43abc8e05d6f5532f15c84db,train,ultrafeedback,ultrafeedback:sharegpt
uf-cff4d246030982ad61b0b0b677aee1f13c4d7967bd9b2c030d50435d3d0c5d32,train,ultrafeedback,ultrafeedback:flan_v2_niv2
uf-d06556f68477344293c56989d2c724f413925bf313c56cd051fd50d699f18d89,train,ultrafeedback,ultrafeedback:sharegpt
uf-d0a34271c84f7236d7b64c5a9f3b85246eb991cd05c491abd196a8a699f46928,train,ultrafeedback,ultrafeedback:flan_v2_niv2
uf-d11b44554e6a894621899abf6a3481d5241d0064495a0cf6245c070ba5f9a327,validation,ultrafeedback,ultrafeedback:sharegpt
uf-d1276826eaec060f645cda561ab785287f903735d599413089f023ea8d73c342,train,ultrafeedback,ultrafeedback:evol_instruct
uf-d131fa8cb48905b1e1f09d810556c70a5d2711f29cffba483e56124a89fd70b8,validation,ultrafeedback,ultrafeedback:flan_v2_niv2
uf-d161956d8fc48116ccdb058d1c99b4a6a95323561168b8bbb2bb9b887fd39c09,train,ultrafeedback,ultrafeedback:flan_v2_niv2
uf-d39100acddb11c25d4918e52dbb58353a2cb285bc4a3fe20de72f3541be224d1,validation,ultrafeedback,ultrafeedback:evol_instruct
uf-d414d9eca814a403a496b0d08d6b6e286dd1c496c7f31540c62432e9b1c9ed38,train,ultrafeedback,ultrafeedback:sharegpt
uf-d54230c8dcd7985c9ea3563301b77287075d578526debefeb516eae3637d04a3,train,ultrafeedback,ultrafeedback:evol_instruct
uf-d5455c800813c4f004c72b117f4f44a3832cb661645c87564952047ec77e8c17,train,ultrafeedback,ultrafeedback:sharegpt
uf-d5cc67ad12d6fc3c8138cf3a5eaab7aed7566f6e71392f9ab10f8bd56d202579,train,ultrafeedback,ultrafeedback:ultrachat
uf-d62503fe6d989e3b414525b6301f918e71cfc16044e5df93111cfd4b9472f1ee,train,ultrafeedback,ultrafeedback:evol_instruct
uf-d653ecde29ef03f6335fe71f95dbdb91d299ea3385ff8151a21325b2448bed49,train,ultrafeedback,ultrafeedback:ultrachat
uf-d65b6465fc06aa0d5241dbea6b01c96d7f67a39d3c36543593cf532c35aeef67,train,ultrafeedback,ultrafeedback:flan_v2_cot
uf-d663754f5c0a8114425b336134c2d1e14c77d7939bbea0687fa446fe701f7b39,train,ultrafeedback,ultrafeedback:flan_v2_niv2
uf-d668098d30435d6179adf307c894931b8fb730d160833182249dd9ecd7b0792a,train,ultrafeedback,ultrafeedback:flan_v2_niv2
uf-d6e7fdb71de060b58d200e94f150dd216b95b6c6516a1adf956ae3c096bd3604,train,ultrafeedback,ultrafeedback:sharegpt
uf-d731acd3f6af0ee7fb6d4b646ff7305c3dfef8f8a0aed894648ea6166245a7af,train,ultrafeedback,ultrafeedback:flan_v2_niv2
uf-d7a0cd861e807e29fb601b8deeb545a1860d388f9afbcd77b8603b8b4f12590f,train,ultrafeedback,ultrafeedback:sharegpt
uf-d7a12320e38f82ef271c4aa0ba7db4fff1c4b8e695c8c91a7fb7e72fe0c5f93e,train,ultrafeedback,ultrafeedback:sharegpt
uf-d9005e074f46aefe530c09b418c651742cac07b85617f5752d7de47ce52c5c0f,train,ultrafeedback,ultrafeedback:sharegpt
uf-d9f13c40f909595328827466ce4617b995d65b1f8999d4d7b7289c83224a9000,train,ultrafeedback,ultrafeedback:flan_v2_cot
uf-da4234fce88a673cb66fe87b4636f04215fe430da18f52d328388c3b89fd8713,train,ultrafeedback,ultrafeedback:flan_v2_cot
uf-da643038303e0c282966eb4c5cbb5538d71bf70b571b8280198f5550b5fe0cb4,train,ultrafeedback,ultrafeedback:evol_instruct
uf-dab5dea784c92b8b484aad190f41ba31176a4d0a24d1378aeef3605241ff2385,train,ultrafeedback,ultrafeedback:flan_v2_niv2
uf-dae552865ca3849dbe5fd2517148f3dab9b5d50d1a22dc90265654fa859e2820,train,ultrafeedback,ultrafeedback:ultrachat
uf-db507ad857f12349468ed68e7a1374345503bdfd242a5073251dc2c10be0e173,train,ultrafeedback,ultrafeedback:sharegpt
uf-dc1a0071e2f552bd31ea5f47c6a74959015d497ce0ab57d3862884e882ea377e,train,ultrafeedback,ultrafeedback:sharegpt
uf-dc7b42d8a67fd919ea9622bd42df303aefbbe45d8e8edcbaf364e1ba29071088,train,ultrafeedback,ultrafeedback:sharegpt
uf-dd8f5722e9b2edf2efbbf660cff7bf5ba61c13e39e2ceef74e67ce63b0284548,train,ultrafeedback,ultrafeedback:sharegpt
uf-dd908d1360149ff405a0059ac0a61ae98af07f7ce558c5f0e3e51aa7d27f28c2,train,ultrafeedback,ultrafeedback:flan_v2_niv2
uf-ddc09d5804debd1b7d460aeb31f62bcc97a0ce5d244ea5a717f21a27056017d8,validation,ultrafeedback,ultrafeedback:ultrachat
uf-def591565d6104e24f9067e6be93c5e2a970d56cc60684de4783b9e59e2a128a,validation,ultrafeedback,ultrafeedback:sharegpt
uf-df07c172b9f4a4373b235090ab3d6e09cf283bcbacb35f57c37cd686ce2a4c70,train,ultrafeedback,ultrafeedback:sharegpt
uf-dfe5af411539769302526318fc9b72aaa32d836ae052f092493ea7f63bcdb457,train,ultrafeedback,ultrafeedback:sharegpt
uf-e036157fdaaaf3cccae55eccbad6f2cc871f4c149ff9134f01e41d81e0b4cb2b,train,ultrafeedback,ultrafeedback:ultrachat
uf-e0dbb1d047c02101b3df1abfd0fa4bae4378a9bd75a53a78be720efed5614abe,train,ultrafeedback,ultrafeedback:flan_v2_niv2
uf-e12893421593de4395788f16dc51de5b760a3b88a3a9d370bd3ba7e6d6ed5dee,train,ultrafeedback,ultrafeedback:ultrachat
uf-e19857fd20766890eacca8f2cb085a602d8b290c6fdf0d00b6394626f2c57399,train,ultrafeedback,ultrafeedback:sharegpt
uf-e2bbee3c385269a571911646f5deba0e1ea5d97f82e996da375ae00f9376a1d4,train,ultrafeedback,ultrafeedback:sharegpt
uf-e45f988bc23a0bda240edbb14f25c7ede60466172395a123d46ce3f6a04b4c42,train,ultrafeedback,ultrafeedback:flan_v2_niv2
uf-e48fbdbc642176c8791e2580699ac6326be046fa8fb9d59b09d70fe521ea31f1,train,ultrafeedback,ultrafeedback:evol_instruct
uf-e4d6c3bc3642d9d8f0c04e40faf03c551a9eab179389bf0e8365dacb707b2d46,train,ultrafeedback,ultrafeedback:evol_instruct
uf-e684dd0cde42e504e8f457a95f387396babaef0eac23ba22de320472c0affa7e,train,ultrafeedback,ultrafeedback:flan_v2_niv2
uf-e6f9f2629c562a114cf7d5f481c094e52cbbd9f89efe8c5e8c50d9dcc1997a8c,train,ultrafeedback,ultrafeedback:flan_v2_niv2
uf-e7b2ab1df569d9e7a59b9f834d013b7456e8a492d88259aaf960ddd22864faa4,train,ultrafeedback,ultrafeedback:sharegpt
uf-e7bd558609f1438ca0d3405cedd52d63dafff38e3a8faaecd0e4dbd4e9273830,train,ultrafeedback,ultrafeedback:sharegpt
uf-e8339f595efc1f568d399b48ea182f12022b117266afbfb6a219002f21eb13eb,train,ultrafeedback,ultrafeedback:flan_v2_niv2
uf-e84bc71685a3a280f930ff66ed11c49de9307540407a7d54020d2466d4be5908,train,ultrafeedback,ultrafeedback:ultrachat
uf-e85e24f35ec39566f3bc16090beef99ce2afae4a3a66cc1b1b8631dd5433e68a,train,ultrafeedback,ultrafeedback:sharegpt
uf-e86e84f4e8714f0519ecd203240f161eef076b0d96ceeeb1608c79e7a0fc29c7,train,ultrafeedback,ultrafeedback:sharegpt
uf-e8f220c2cd85bdc6b71cabda698f3411c359203c8ff2ba75e3e8dcde6d50d1d6,train,ultrafeedback,ultrafeedback:flan_v2_niv2
uf-e8f44ea3d4de48d8d1b278cefdb3eb7d0263cc685e73c1ca93dcba88c0b8304e,train,ultrafeedback,ultrafeedback:ultrachat
uf-e9d92affad26a9a1e90d92b0bb595b68d714932baff93a2190b052fd4948d533,train,ultrafeedback,ultrafeedback:flan_v2_p3
uf-ea2448fe0495da50acd55a779d79fed12051d2983de7d730c4cdae61c1d6fea9,train,ultrafeedback,ultrafeedback:flan_v2_niv2
uf-ea3592b3c8e2d6f756726ab3a97f14ddd86e8bd86360243a6bcf5fbb5958c2cb,train,ultrafeedback,ultrafeedback:flan_v2_cot
uf-ea61bac2ff62105bfbb3c28a1f4b2735d4f918719b26e93a5a9af71bb90d1cf7,train,ultrafeedback,ultrafeedback:ultrachat
uf-eac2fc5ec939191e9b88c887534bdfe8289befaff1820abe2f9463ebfc59cec4,train,ultrafeedback,ultrafeedback:flan_v2_cot
uf-eae5ee2893dec990b3d2bc576b4c5c39497e71d9cbb4ccf0962fd197a6361847,train,ultrafeedback,ultrafeedback:flan_v2_niv2
uf-eb7302e62b284ff2492d24d38fee878b889cecf01dafa530b4b50f9f6ed7fb69,train,ultrafeedback,ultrafeedback:flan_v2_cot
uf-ecc542f6bbbbe4a92af14ac29d96dac5cf9d0fefdb129f1f76b0646bf8e43402,train,ultrafeedback,ultrafeedback:sharegpt
uf-ed01e1049c83ceb8f4507cfdbae2209220c36f61d8071b182a15fd076eb28267,validation,ultrafeedback,ultrafeedback:flan_v2_niv2
uf-edaf11acda96c35cd6516488cb81c7d1a2d0f0d71b3bd8abeb2296ca892180a9,train,ultrafeedback,ultrafeedback:evol_instruct
uf-ee3bd68627982b3c0e30d67e68afa3fb7ada07e8fe6f1591c3d039c1012d66f3,train,ultrafeedback,ultrafeedback:flan_v2_niv2
uf-efae9d37639af0d9cfd3ac696242f67b8c56dc331ac1156ad3bcb9e99a82e0b7,train,ultrafeedback,ultrafeedback:ultrachat
uf-efd515edbf1dc135bf75fb83e96dcfa835909d82021697d84ff537dcfd809f2d,train,ultrafeedback,ultrafeedback:ultrachat
uf-f37f318b8b100e0430273d4080aac351b7986f0c473a1ab6e4e4cbd7a3d02b47,train,ultrafeedback,ultrafeedback:sharegpt
uf-f3bd78a7afa567d239abe97cfa058a12bc5efd18d8eb1af785e287c8e12ec18b,train,ultrafeedback,ultrafeedback:flan_v2_niv2
uf-f767dd62e55179be2d6aae7bc848837f9a82745f30ea157ba0d7aa8e4756531e,train,ultrafeedback,ultrafeedback:ultrachat
uf-f78f12a142c5a5b853ba6103b9a2ec480235d49f31a8ae78bd6c3507dac6125b,train,ultrafeedback,ultrafeedback:ultrachat
uf-f7cbde299f7b4ad64f0676d08579e77cef6f3a5ade2ec6db595a64d6560a645e,train,ultrafeedback,ultrafeedback:flan_v2_niv2
uf-f80c642c66fb42550c425938d3311b5360112551ffed7c0267db9e2670c05945,train,ultrafeedback,ultrafeedback:ultrachat
uf-f92816db9e4134064437273a716ddf053f4c4bfd0e6f09a77e2f0903c47178c4,validation,ultrafeedback,ultrafeedback:flan_v2_niv2
uf-f9437fb068e798ee7db8b9ceb737035b05b98c3ecb64b1f33735b6cee3617a05,train,ultrafeedback,ultrafeedback:ultrachat
uf-f95dd03fd3f099193d46b5701aed56b4ba38d7ff56e924b426b25b5bce1654e7,train,ultrafeedback,ultrafeedback:evol_instruct
uf-f96cb5c177bd8f0c60a910bcba56c45ff82e7e5bc8d49f177f381dbb7b39c427,train,ultrafeedback,ultrafeedback:ultrachat
uf-fa9a0846ad25e71574cad97e415f8607acfde9eb6ed52bc4fe5211e1f73a2a7b,train,ultrafeedback,ultrafeedback:evol_instruct
uf-fb0fa0273a06e647719835dbe23d9af59a9b6e4e7c5d78dec45b3165fb3c3ad2,train,ultrafeedback,ultrafeedback:ultrachat
uf-fb61abf48f9619f157bf5b6480771d516f1f26415b1635ac7722eb590d322cd8,train,ultrafeedback,ultrafeedback:ultrachat
uf-fb6b415e3e7c56cc27e8f3862c96cb504a2f2a462436f31ba04b5f255ccce650,train,ultrafeedback,ultrafeedback:sharegpt
uf-fbd663a3aff9b1cec94e0f88cdb99666a4dd04060a815e498ec180b7efb2f7c3,train,ultrafeedback,ultrafeedback:evol_instruct
uf-fbf4169c253c5c325ffaea1fd71920a8f07b3e6f4e7e0c2f8a7b22ef984c99df,train,ultrafeedback,ultrafeedback:ultrachat
uf-fc17351e5409802188d0f806aadda246fa4670a430ea1a3265eef915c921e8c3,train,ultrafeedback,ultrafeedback:ultrachat
uf-fc8bf77c8041d9db34454014ba472edafb5d28d21c272d5e9390945bb98d6966,train,ultrafeedback,ultrafeedback:sharegpt
uf-fd33980a176f3e8227c5f12b5fc1d1ff4712abd48867744f3a2f7e78a67b509c,train,ultrafeedback,ultrafeedback:sharegpt
uf-fd3b56532746353db5c008fcc6834e24982cf441917ea6553b5058559e95311a,train,ultrafeedback,ultrafeedback:flan_v2_niv2
uf-fd919410f51542b0fe42d5d8e44274714b397dd5ea40ad4511185c8de1b41618,train,ultrafeedback,ultrafeedback:flan_v2_niv2
uf-fe31ab0113b0cbeff5ed17be05197c986c922e7865e842e07cd2719d6720cf66,train,ultrafeedback,ultrafeedback:evol_instruct
uf-fe482b78c06cc833e2c8008ea2ed114b2ad18c6968273f07b54a4152733450eb,train,ultrafeedback,ultrafeedback:sharegpt
uf-ffa920a0bc5901eea2014a52ae06e375fe2336a5d20589189a279e30e7727057,train,ultrafeedback,ultrafeedback:false_qa
