record_id,execution_index,image_id,image_type,question_type,prompt_template_id,prompt,raw_response,status,error_type,input_tokens,output_tokens,latency_seconds,generation_seconds,peak_gpu_memory_mib,strength_label,hallucination_label,reviewer_reason,reviewer_type,model_revision,image_sha256,generation_config_sha256,completed_at
d23-table-description,1,w5-table-01,table_screenshot,description,d23-prompt-01,请描述图片中可见的主要内容，包括主要对象、属性和位置关系。只陈述图像能够支持的事实；无法确认的信息请明确说明，不要猜测。,"图片中是一个Excel表格，包含以下列：

- A列：标题为“SUBJECT”，包含三个行，分别对应“SUBJECT A”、“SUBJECT B”和“SUBJECT C”。
- B列：标题为“DESCRIPTION”，包含三个行，内容均为“text”。
- C列：标题为“ALIAS”，包含三个行，内容均为“text”。
- D列：标题为“PREDICATE 1”，包含三个行，内容分别为“OBJECT”、“OBJECT”和“OBJECT”。
- E列：标题为“PREDICATE 2”，包含三个行，内容分别为“OBJECT”、“OBJECT”和“OBJECT”。
- F列：标题为“PREDICATE 3”，包含三个行，内容分别为“OBJECT”、“OBJECT”和“OBJECT”。

表格的A列和B列被灰色填充，表示它们是标题行。",PASS,,349,192,6.435,6.37,16158.729,acceptable,minor,主要列名、三条 SUBJECT 和 text/OBJECT 内容正确，但把空白的 A1 说成 SUBJECT 标题，并把 A、B 列笼统说成灰色填充。,codex_assisted_visual_review,eed13092ef92e448dd6875b2a00151bd3f7db0ac,3232767ffc76d8feb99f44bf48788cd6e53a7d3411c771527bf7e7897dc9b9c7,0d1f0f59fce9b688f9445b0b4fee4c0c38d1bec4c4e3e4910efb34b3d7bb513d,2026-08-18T15:41:21.788134+00:00
d23-table-ocr,2,w5-table-01,table_screenshot,ocr,d23-prompt-02,请提取图片中所有可识别的文字、数字和数学符号，并尽量保留原有的行列或层级结构。无法辨认的部分请标记为[无法辨认]；如果没有可识别文字，请明确说明。,"| A | B | C | D | E | F |
|---|---|---|---|---|---|
| 1 | [无法辨认] | DESCRIPTION | ALIAS | PREDICATE 1 | PREDICATE 2 | PREDICATE 3 |
| 2 | SUBJECT A | text | text | OBJECT | OBJECT | OBJECT |
| 3 | SUBJECT B | text | text | OBJECT | OBJECT | OBJECT |
| 4 | SUBJECT C | text | text | OBJECT | OBJECT | OBJECT |",PASS,,358,114,3.47,3.439,16157.601,strong,none,完整识别 A-F、1-4、五个表头和三行数据；A1 实际为空，标为[无法辨认]是轻微表达问题，不构成虚构文字。,codex_assisted_visual_review,eed13092ef92e448dd6875b2a00151bd3f7db0ac,3232767ffc76d8feb99f44bf48788cd6e53a7d3411c771527bf7e7897dc9b9c7,0d1f0f59fce9b688f9445b0b4fee4c0c38d1bec4c4e3e4910efb34b3d7bb513d,2026-08-18T15:41:25.258969+00:00
d23-table-structure,3,w5-table-01,table_screenshot,structure_explanation,d23-prompt-03,请解释图片中元素的组织结构、层级和相互关系。如果是表格，请解释行列关系；如果是公式，请解释分子、分母和符号关系；如果是UI、Logo或自然场景，请解释界面层级、几何组成或空间关系。不要补充图片中不存在的数值或对象。,"这张图片展示了一个Excel表格的截图。表格的组织结构如下：

1. **行和列**：
   - 表格有4行和6列。
   - 第1行是标题行，列出了列的名称。
   - 第2行到第4行是数据行，包含了具体的描述和属性。

2. **列**：
   - A列：标题列，包含“SUBJECT A”、“SUBJECT B”和“SUBJECT C”。
   - B列：标题列，包含“DESCRIPTION”。
   - C列：标题列，包含“ALIAS”。
   - D列：标题列，包含“PREDICATE 1”。
   - E列：标题列，包含“PREDICATE 2”。
   - F列：标题列，包含“PREDICATE 3”。

3. **数据**：
   - 第2行到第4行的数据行中，每一行都有一个“SUBJECT”名称，以及对应的“DESCRIPTION”、“ALIAS”和三个“PREDICATE”值。

4. **数据内容**：
   - “DESCRIPTION”列的值都是“text”。
   - “ALIAS”列的值都是“text”。
   - “PREDICATE 1”、“PREDICATE 2”和“PREDICATE 3”列的值都是“OBJECT”。

5. **表格的层级关系**：
   - 表格的层级关系是扁平的，没有明显的嵌套或分层结构。
   - 每一行的数据都是独立的，没有上下文的关联。

6. **相互关系**：
   - 每一行的“SUBJECT”名称与“DESCRIPTION”、“ALIAS”和三个“PREDICATE”值相对应。
   - “DESCRIPTION”和“ALIAS”列的值都是相同的，表明它们可能代表同一属性的不同名称。
   - “PREDICATE 1”、“PREDICATE 2”和“PREDICATE 3”列的值都是相同的，表明它们可能代表同一属性的不同实例。",PASS,,376,452,13.041,13.014,16157.415,acceptable,minor,4×6 结构、表头和行列对应关系解释正确；将相同占位值解释成同一属性的不同名称/实例超出了像素证据。,codex_assisted_visual_review,eed13092ef92e448dd6875b2a00151bd3f7db0ac,3232767ffc76d8feb99f44bf48788cd6e53a7d3411c771527bf7e7897dc9b9c7,0d1f0f59fce9b688f9445b0b4fee4c0c38d1bec4c4e3e4910efb34b3d7bb513d,2026-08-18T15:41:38.300778+00:00
d23-table-aesthetic,4,w5-table-01,table_screenshot,aesthetic_review,d23-prompt-04,请从构图、色彩、对比度、视觉层级、清晰度和可读性方面评价这张图片。请区分可见的视觉事实与主观评价，并简要说明评价依据。,"### 构图
- **评价**：构图清晰，表格布局合理，列标题明确，数据清晰可见。
- **依据**：表格的列标题和数据清晰，易于阅读和理解。

### 色彩
- **评价**：色彩搭配合理，背景色和文本色对比度适中，有助于突出表格内容。
- **依据**：背景色为浅灰色，文本色为黑色，对比度适中，易于阅读。

### 对比度
- **评价**：对比度适中，背景色和文本色之间的对比度有助于突出表格内容。
- **依据**：背景色和文本色之间的对比度适中，有助于突出表格内容。

### 视觉层级
- **评价**：视觉层级清晰，列标题和数据清晰可见。
- **依据**：列标题和数据清晰可见，列标题的字体大小和颜色与数据区分开来，有助于区分不同内容。

### 清晰度
- **评价**：清晰度高，数据和列标题清晰可见。
- **依据**：数据和列标题清晰可见，没有模糊或不清晰的地方。

### 可读性
- **评价**：可读性高，数据和列标题易于理解。
- **依据**：数据和列标题清晰可见，易于理解，没有复杂的符号或缩写。

### 总结
这张图片的构图、色彩、对比度、视觉层级、清晰度和可读性都表现良好。表格布局合理，列标题和数据清晰可见，色彩搭配适中，对比度适中，视觉层级清晰，数据和列标题易于理解。",PASS,,355,347,9.979,9.954,16157.603,acceptable,minor,能够评价布局、对比度和可读性，但把背景概括为浅灰，并称表头字体颜色与数据区分，未准确反映淡黄色表头与灰色 A1。,codex_assisted_visual_review,eed13092ef92e448dd6875b2a00151bd3f7db0ac,3232767ffc76d8feb99f44bf48788cd6e53a7d3411c771527bf7e7897dc9b9c7,0d1f0f59fce9b688f9445b0b4fee4c0c38d1bec4c4e3e4910efb34b3d7bb513d,2026-08-18T15:41:48.281390+00:00
d23-table-implicit,5,w5-table-01,table_screenshot,implicit_reasoning,d23-prompt-05,请根据图片中可见的证据，推理最多3条可能的隐含信息。每条必须分别写明“图像证据”“合理推断”和“不确定性”。如果图像证据不足，请明确说明，不要把猜测当成事实。,"图像证据：表格中列出了“DESCRIPTION”、“ALIAS”、“PREDICATE 1”、“PREDICATE 2”和“PREDICATE 3”五列，其中“DESCRIPTION”和“ALIAS”列的值为“text”，而“PREDICATE 1”、“PREDICATE 2”和“PREDICATE 3”列的值均为“OBJECT”。

合理推断：
1. **表格中的数据可能与知识图谱或数据库相关**：由于表格中列出了“DESCRIPTION”、“ALIAS”和“PREDICATE”等术语，这些术语通常在知识图谱或数据库中使用。这些术语可能表示实体的描述、别名和属性。

2. **表格中的数据可能表示实体的属性和关系**：表格中的“DESCRIPTION”和“ALIAS”列可能表示实体的描述和别名，而“PREDICATE 1”、“PREDICATE 2”和“PREDICATE 3”列可能表示实体之间的关系或属性。

3. **表格中的数据可能表示实体的属性和关系的重复**：由于“DESCRIPTION”和“ALIAS”列的值为“text”，而“PREDICATE 1”、“PREDICATE 2”和“PREDICATE 3”列的值均为“OBJECT”，这可能表示这些实体的属性和关系是重复的，或者这些实体的描述和别名是相同的。

不确定性：
1. **表格中的数据可能表示实体的属性和关系的重复**：由于“DESCRIPTION”和“ALIAS”列的值为“text”，而“PREDICATE 1”、“PREDICATE 2”和“PREDICATE 3”列的值均为“OBJECT”，这可能表示这些实体的属性和关系是重复的，或者这些实体的描述和别名是相同的。但是，由于表格中没有提供更多的上下文信息，我们无法确定这些实体的属性和关系是否确实是重复的，或者这些实体的描述和别名是否确实是相同的。

2. **表格中的数据可能与知识图谱或数据库相关**：由于表格中列出了“DESCRIPTION”、“ALIAS”和“PREDICATE”等术语，这些术语通常在知识图谱或数据库中使用。但是，由于表格中没有提供更多的上下文信息，我们无法确定这些术语是否确实与知识图谱或数据库相关。",PASS,,366,526,15.194,15.169,16157.416,acceptable,none,以 DESCRIPTION/ALIAS/PREDICATE 为证据提出知识图谱或数据库可能性，并反复说明上下文不足；推断偏冗长但没有冒充确定事实。,codex_assisted_visual_review,eed13092ef92e448dd6875b2a00151bd3f7db0ac,3232767ffc76d8feb99f44bf48788cd6e53a7d3411c771527bf7e7897dc9b9c7,0d1f0f59fce9b688f9445b0b4fee4c0c38d1bec4c4e3e4910efb34b3d7bb513d,2026-08-18T15:42:03.476424+00:00
d23-scene-description,6,w5-scene-01,natural_scene,description,d23-prompt-01,请描述图片中可见的主要内容，包括主要对象、属性和位置关系。只陈述图像能够支持的事实；无法确认的信息请明确说明，不要猜测。,这张图片展示了一个宁静的自然景观。前景中有一个平静的湖泊，湖面如镜，反射出上方的天空和远处的山脉。湖的边缘有一些岩石和树枝，增添了自然的氛围。湖的对岸是一片茂密的森林，树木高大而密集，呈现出深绿色。在背景中，可以看到一座被雪覆盖的山峰，山顶在天空中显得格外醒目。天空上方是多云的，给整个场景带来了一种柔和的光线。,PASS,,439,104,4.125,3.247,16369.962,strong,none,准确覆盖平静湖面、倒影、常绿森林、雪山、多云天空以及右前景岩石和树枝，与冻结 ground truth 一致。,codex_assisted_visual_review,eed13092ef92e448dd6875b2a00151bd3f7db0ac,32c63883fbedbd2da1590245b1ccaa55bdb26ffa63bf3328456202356ed307d6,0d1f0f59fce9b688f9445b0b4fee4c0c38d1bec4c4e3e4910efb34b3d7bb513d,2026-08-18T15:42:07.602098+00:00
d23-scene-ocr,7,w5-scene-01,natural_scene,ocr,d23-prompt-02,请提取图片中所有可识别的文字、数字和数学符号，并尽量保留原有的行列或层级结构。无法辨认的部分请标记为[无法辨认]；如果没有可识别文字，请明确说明。,图片中没有可识别的文字、数字和数学符号。,PASS,,448,13,1.45,0.644,16370.46,strong,none,图片确实没有可见文字、数字或公式，模型明确给出无文字结论。,codex_assisted_visual_review,eed13092ef92e448dd6875b2a00151bd3f7db0ac,32c63883fbedbd2da1590245b1ccaa55bdb26ffa63bf3328456202356ed307d6,0d1f0f59fce9b688f9445b0b4fee4c0c38d1bec4c4e3e4910efb34b3d7bb513d,2026-08-18T15:42:09.052991+00:00
d23-scene-structure,8,w5-scene-01,natural_scene,structure_explanation,d23-prompt-03,请解释图片中元素的组织结构、层级和相互关系。如果是表格，请解释行列关系；如果是公式，请解释分子、分母和符号关系；如果是UI、Logo或自然场景，请解释界面层级、几何组成或空间关系。不要补充图片中不存在的数值或对象。,"这张图片展示了一个宁静的自然景观，主要由一个湖泊、山脉和森林组成。以下是对图片中元素的组织结构、层级和相互关系的解释：

1. **湖泊**：
   - **层级**：湖泊是图片的中心元素，位于前景。
   - **几何组成**：湖泊是一个平静的水面，反射着周围的景色。
   - **相互关系**：湖泊与周围的山脉和森林形成了一个和谐的自然景观。

2. **山脉**：
   - **层级**：山脉位于湖泊的背景，是图片的中景元素。
   - **几何组成**：山脉呈现出高耸的轮廓，覆盖着雪。
   - **相互关系**：山脉与湖泊形成了对比，增加了画面的深度和层次感。

3. **森林**：
   - **层级**：森林位于山脉的前方，是图片的前景元素。
   - **几何组成**：森林由密集的树木组成，呈现出深绿色。
   - **相互关系**：森林与湖泊和山脉共同构成了一个完整的自然景观。

4. **天空**：
   - **层级**：天空位于图片的上方，是背景元素。
   - **几何组成**：天空呈现出淡蓝色，没有明显的云彩。
   - **相互关系**：天空与山脉、森林和湖泊共同构成了一个完整的自然景观。

5. **倒影**：
   - **层级**：倒影是湖泊表面的反射，是湖泊的组成部分。
   - **几何组成**：倒影清晰地反映了山脉和森林的景色。
   - **相互关系**：倒影增强了湖泊的美感，使其成为整个画面的焦点。

6. **岩石和树枝**：
   - **层级**：岩石和树枝位于湖泊的边缘，是前景元素。
   - **几何组成**：岩石呈现出不规则的形状，树枝散落在岸边。
   - **相互关系**：岩石和树枝增加了画面的细节和层次感。

总体来说，这张图片通过精心的构图，将湖泊、山脉、森林和天空等元素有机地结合在一起，形成了一幅和谐的自然景观。",PASS,,466,443,13.625,12.882,16369.747,acceptable,minor,湖泊、雪山、森林、倒影及前景岸线关系基本正确；把明显多云天空说成淡蓝且没有明显云彩，并将森林层级简单归为前景。,codex_assisted_visual_review,eed13092ef92e448dd6875b2a00151bd3f7db0ac,32c63883fbedbd2da1590245b1ccaa55bdb26ffa63bf3328456202356ed307d6,0d1f0f59fce9b688f9445b0b4fee4c0c38d1bec4c4e3e4910efb34b3d7bb513d,2026-08-18T15:42:22.678904+00:00
d23-scene-aesthetic,9,w5-scene-01,natural_scene,aesthetic_review,d23-prompt-04,请从构图、色彩、对比度、视觉层级、清晰度和可读性方面评价这张图片。请区分可见的视觉事实与主观评价，并简要说明评价依据。,"这张图片展示了一幅美丽的自然景观，以下是对构图、色彩、对比度、视觉层级、清晰度和可读性的评价：

1. **构图**：
   - **评价**：构图非常出色。图片中，山脉、湖泊和森林形成了一个和谐的构图。山脉作为背景，湖泊作为前景，森林作为中间层，层次分明，视觉上非常吸引人。
   - **依据**：构图平衡，元素分布合理，形成了良好的视觉引导线。

2. **色彩**：
   - **评价**：色彩较为柔和，以冷色调为主，给人一种宁静的感觉。山脉的白色与周围的绿色和蓝色形成了鲜明的对比，增强了视觉效果。
   - **依据**：色彩搭配自然，符合自然景观的特征，增强了画面的美感。

3. **对比度**：
   - **评价**：对比度适中，山脉的白色与周围的绿色和蓝色形成了明显的对比，使得山脉在画面中显得突出。
   - **依据**：对比度适中，既不过于强烈，也不过于平淡，保持了画面的平衡和层次感。

4. **视觉层级**：
   - **评价**：视觉层级分明，山脉作为主要的视觉焦点，湖泊和森林作为次要的视觉元素，形成了丰富的层次感。
   - **依据**：通过山脉、湖泊和森林的层次分布，形成了丰富的视觉层次，使得画面更加立体和生动。

5. **清晰度**：
   - **评价**：图片的清晰度很高，细节丰富，尤其是山脉和湖泊的倒影，清晰可见。
   - **依据**：图片的清晰度高，细节丰富，使得观众能够清晰地看到画面中的每一个元素。

6. **可读性**：
   - **评价**：可读性高，画面内容清晰，没有过多的干扰元素，使得观众能够轻松地理解画面的主旨。
   - **依据**：画面简洁明了，没有过多的干扰元素，使得观众能够轻松地理解画面的主旨。

综上所述，这张图片在构图、色彩、对比度、视觉层级、清晰度和可读性方面都表现得非常出色，是一幅高质量的自然景观照片。",PASS,,445,466,14.337,13.519,16370.463,strong,none,评价与画面的冷色调、雪山焦点、湖面倒影、纵深和清晰度相符，主观判断均给出了可见依据。,codex_assisted_visual_review,eed13092ef92e448dd6875b2a00151bd3f7db0ac,32c63883fbedbd2da1590245b1ccaa55bdb26ffa63bf3328456202356ed307d6,0d1f0f59fce9b688f9445b0b4fee4c0c38d1bec4c4e3e4910efb34b3d7bb513d,2026-08-18T15:42:37.017976+00:00
d23-scene-implicit,10,w5-scene-01,natural_scene,implicit_reasoning,d23-prompt-05,请根据图片中可见的证据，推理最多3条可能的隐含信息。每条必须分别写明“图像证据”“合理推断”和“不确定性”。如果图像证据不足，请明确说明，不要把猜测当成事实。,"图像证据：
- 图片展示了一个宁静的湖景，湖面平静，倒映着周围的树木和远处的雪山。
- 湖边有岩石和一些倒下的树木。
- 天空看起来有些阴沉，可能是清晨或傍晚。

合理推断：
1. **季节**：由于湖面倒映出的树木和雪山，可以推断这张照片可能是在春季或秋季拍摄的。这两个季节通常会有这样的景色。
2. **地点**：根据湖面倒映的雪山和周围的森林，这个地方可能是一个山区的湖泊，可能位于一个国家公园或自然保护区。
3. **时间**：由于天空有些阴沉，可能是清晨或傍晚，因为这些时间段通常会有这样的光线效果。

不确定性：
1. **具体地点**：虽然可以推断出这是一个山区湖泊，但具体位置无法从图片中确定。
2. **季节**：虽然可以推断出可能是春季或秋季，但具体是哪一个季节无法从图片中确定。
3. **天气**：虽然天空看起来有些阴沉，但具体是阴天还是多云，无法从图片中确定。",PASS,,456,237,7.978,7.163,16369.965,acceptable,minor,能够分别写证据、推断和不确定性；春秋季及清晨/傍晚的推断依据较弱，阴云不能支持具体季节或时段。,codex_assisted_visual_review,eed13092ef92e448dd6875b2a00151bd3f7db0ac,32c63883fbedbd2da1590245b1ccaa55bdb26ffa63bf3328456202356ed307d6,0d1f0f59fce9b688f9445b0b4fee4c0c38d1bec4c4e3e4910efb34b3d7bb513d,2026-08-18T15:42:44.997324+00:00
d23-logo-description,11,w5-logo-01,logo,description,d23-prompt-01,请描述图片中可见的主要内容，包括主要对象、属性和位置关系。只陈述图像能够支持的事实；无法确认的信息请明确说明，不要猜测。,图片中有一个抽象的标志设计。标志的中心是一个绿色的地球仪，地球仪的轮廓由白色线条勾勒。地球仪被三个圆形的形状包围，这三个圆形的形状分别由红色、蓝色和绿色组成。红色的圆形位于顶部，蓝色的圆形位于底部，绿色的圆形位于中间。整个标志设计简洁而现代，颜色对比鲜明。,PASS,,416,79,2.574,2.518,16310.352,acceptable,minor,识别出中央绿色球体、顶部红色和下方蓝色元素；错误地概括为红蓝绿三个圆形包围，实际是一个红弧和两个蓝色弧段。,codex_assisted_visual_review,eed13092ef92e448dd6875b2a00151bd3f7db0ac,7767ed3373a71e22e3cabe828e1ccc5914a61f8711550e1161bda751ad31e557,0d1f0f59fce9b688f9445b0b4fee4c0c38d1bec4c4e3e4910efb34b3d7bb513d,2026-08-18T15:42:47.572507+00:00
d23-logo-ocr,12,w5-logo-01,logo,ocr,d23-prompt-02,请提取图片中所有可识别的文字、数字和数学符号，并尽量保留原有的行列或层级结构。无法辨认的部分请标记为[无法辨认]；如果没有可识别文字，请明确说明。,图片中没有可识别的文字、数字和数学符号。,PASS,,425,13,0.674,0.613,16310.35,strong,none,Logo 中确实没有任何可见字母或单词，模型正确拒绝虚构 OCR。,codex_assisted_visual_review,eed13092ef92e448dd6875b2a00151bd3f7db0ac,7767ed3373a71e22e3cabe828e1ccc5914a61f8711550e1161bda751ad31e557,0d1f0f59fce9b688f9445b0b4fee4c0c38d1bec4c4e3e4910efb34b3d7bb513d,2026-08-18T15:42:48.247081+00:00
d23-logo-structure,13,w5-logo-01,logo,structure_explanation,d23-prompt-03,请解释图片中元素的组织结构、层级和相互关系。如果是表格，请解释行列关系；如果是公式，请解释分子、分母和符号关系；如果是UI、Logo或自然场景，请解释界面层级、几何组成或空间关系。不要补充图片中不存在的数值或对象。,"这张图片展示了一个抽象的标志设计。标志由几个基本的几何形状组成，包括一个绿色的地球仪和三个颜色不同的圆形。具体分析如下：

1. **地球仪**：标志的中心是一个绿色的地球仪，地球仪的轮廓清晰，显示出地球的形状和地理特征。

2. **圆形**：地球仪被三个圆形包围。这三个圆形的颜色分别是红色、蓝色和绿色，分别位于地球仪的上方、左侧和右侧。

3. **颜色**：红色、蓝色和绿色的圆形形成了一个三角形的图案，三角形的顶点指向地球仪的中心。

4. **整体结构**：整个标志的设计简洁明了，地球仪作为中心元素，周围的圆形形成了一个对称的图案，颜色的使用增加了视觉上的对比和层次感。

这种设计通常用于代表全球范围内的组织或公司，强调全球连接和合作的理念。标志的几何形状和颜色的选择都旨在传达出一种国际化和多元化的形象。",PASS,,443,207,6.283,6.228,16310.35,weak,severe,中央球形网格被识别，但回答虚构三个红蓝绿圆形、三角形顶点和对称包围结构；实际外围只有顶部红弧与左右两个蓝弧。,codex_assisted_visual_review,eed13092ef92e448dd6875b2a00151bd3f7db0ac,7767ed3373a71e22e3cabe828e1ccc5914a61f8711550e1161bda751ad31e557,0d1f0f59fce9b688f9445b0b4fee4c0c38d1bec4c4e3e4910efb34b3d7bb513d,2026-08-18T15:42:54.530492+00:00
d23-logo-aesthetic,14,w5-logo-01,logo,aesthetic_review,d23-prompt-04,请从构图、色彩、对比度、视觉层级、清晰度和可读性方面评价这张图片。请区分可见的视觉事实与主观评价，并简要说明评价依据。,"这张图片展示了一个抽象的标志设计，包含以下视觉元素：

1. **构图**：标志由一个绿色的地球仪和三个彩色的圆形线条组成。地球仪位于中心，圆形线条围绕其外侧，形成了一个对称的视觉效果。构图简洁，中心的地球仪是焦点，圆形线条增加了层次感。

2. **色彩**：使用了三种颜色——绿色、红色和蓝色。绿色代表地球，红色和蓝色的圆形线条增加了视觉上的对比和活力。色彩搭配和谐，绿色和红色、蓝色形成了互补色对比，增强了视觉冲击力。

3. **对比度**：色彩对比度适中，绿色的地球仪与红色和蓝色的圆形线条形成了明显的对比，使得标志在白色背景上非常醒目。圆形线条的颜色与地球仪的颜色形成了互补，增加了视觉上的层次感。

4. **视觉层级**：地球仪作为中心元素，具有较高的视觉层级。圆形线条围绕地球仪，形成了一个包围的视觉效果，增加了标志的深度和立体感。整体设计清晰，层次分明。

5. **清晰度和可读性**：标志设计清晰，地球仪和圆形线条的轮廓分明，易于识别。标志的形状和颜色使得它在白色背景上具有良好的可读性。

**评价依据**：
- **构图**：标志的对称性和中心焦点设计使得视觉效果清晰，易于理解。
- **色彩**：色彩搭配和谐，对比度适中，增强了视觉冲击力。
- **对比度**：色彩对比度适中，使得标志在白色背景上非常醒目。
- **视觉层级**：地球仪作为中心元素，圆形线条的包围设计增加了标志的深度和立体感。
- **清晰度和可读性**：标志设计清晰，易于识别，具有良好的可读性。

总体来说，这张图片展示了一个设计精良的标志，具有良好的视觉效果和可读性。",PASS,,422,407,11.932,11.867,16310.352,acceptable,minor,中心焦点、红蓝绿配色和高对比度评价合理；将外围再次描述成三个彩色圆形线条，并默认白色背景，几何事实不够准确。,codex_assisted_visual_review,eed13092ef92e448dd6875b2a00151bd3f7db0ac,7767ed3373a71e22e3cabe828e1ccc5914a61f8711550e1161bda751ad31e557,0d1f0f59fce9b688f9445b0b4fee4c0c38d1bec4c4e3e4910efb34b3d7bb513d,2026-08-18T15:43:06.463693+00:00
d23-logo-implicit,15,w5-logo-01,logo,implicit_reasoning,d23-prompt-05,请根据图片中可见的证据，推理最多3条可能的隐含信息。每条必须分别写明“图像证据”“合理推断”和“不确定性”。如果图像证据不足，请明确说明，不要把猜测当成事实。,"图像证据：图像中有一个绿色的地球仪，周围有红色和蓝色的圆形图案。

合理推断：
1. **全球连接**：地球仪的存在可能暗示着全球连接或国际联系的概念。
2. **技术或通信**：红色和蓝色的圆形图案可能代表技术或通信设备，暗示着与全球通信或技术相关的主题。

不确定性：
1. **具体用途**：图像中没有明确显示该标志的具体用途，因此无法确定它是否用于商业、教育、政府或其他目的。
2. **文化或组织标志**：地球仪和圆形图案的组合可能代表一个特定的文化或组织标志，但没有额外信息，无法确定其具体含义。
3. **颜色象征意义**：红色和蓝色的圆形图案可能有特定的象征意义，但没有额外的背景信息，无法确定它们的具体含义。",PASS,,433,179,5.427,5.37,16310.353,acceptable,none,全球连接、技术或通信均作为可能性提出，并明确组织身份、用途和颜色象征无法仅由图像确定。,codex_assisted_visual_review,eed13092ef92e448dd6875b2a00151bd3f7db0ac,7767ed3373a71e22e3cabe828e1ccc5914a61f8711550e1161bda751ad31e557,0d1f0f59fce9b688f9445b0b4fee4c0c38d1bec4c4e3e4910efb34b3d7bb513d,2026-08-18T15:43:11.892218+00:00
d23-formula-description,16,w5-formula-01,handwritten_formula,description,d23-prompt-01,请描述图片中可见的主要内容，包括主要对象、属性和位置关系。只陈述图像能够支持的事实；无法确认的信息请明确说明，不要猜测。,"图片中可见的主要内容是一个数学公式。公式如下：

\[ \gamma = \frac{mc^2}{\sqrt{1 - \frac{v^2}{c^2}}} \]

公式中的符号和变量如下：
- \( \gamma \)：希腊字母伽马，表示相对论因子。
- \( m \)：质量。
- \( c \)：光速。
- \( v \)：速度。

公式表示的是相对论因子 \(\gamma\) 与质量 \(m\)、光速 \(c\) 和速度 \(v\) 之间的关系。公式中的根号部分表示速度 \(v\) 与光速 \(c\) 的比值的平方根。",PASS,,330,146,4.384,4.362,16118.736,weak,severe,原图左侧是难辨认的书写符号，分母可见 q²/c²；回答改写为 γ 和 v，并直接赋予洛伦兹因子、质量、光速和速度含义，关键符号与语义均被虚构。,codex_assisted_visual_review,eed13092ef92e448dd6875b2a00151bd3f7db0ac,f8e0a95c9ad7e321ad8beae1e0206d11f86d1c8c4e82a797fa14c1fbdbe3fd0d,0d1f0f59fce9b688f9445b0b4fee4c0c38d1bec4c4e3e4910efb34b3d7bb513d,2026-08-18T15:43:16.277264+00:00
d23-formula-ocr,17,w5-formula-01,handwritten_formula,ocr,d23-prompt-02,请提取图片中所有可识别的文字、数字和数学符号，并尽量保留原有的行列或层级结构。无法辨认的部分请标记为[无法辨认]；如果没有可识别文字，请明确说明。,$$\vec { v } = \frac { m \vec { c } ^ { 2 } } { \sqrt { 1 - \frac { v ^ { 2 } } { c ^ { 2 } } } }$$,PASS,,339,51,1.671,1.654,16118.954,weak,severe,回答加入向量箭头并把左侧和分母变量转写为 v；与冻结 ground truth 的 E-like 符号和 q²/c² 不符，属于关键公式 OCR 错误。,codex_assisted_visual_review,eed13092ef92e448dd6875b2a00151bd3f7db0ac,f8e0a95c9ad7e321ad8beae1e0206d11f86d1c8c4e82a797fa14c1fbdbe3fd0d,0d1f0f59fce9b688f9445b0b4fee4c0c38d1bec4c4e3e4910efb34b3d7bb513d,2026-08-18T15:43:17.949130+00:00
d23-formula-structure,18,w5-formula-01,handwritten_formula,structure_explanation,d23-prompt-03,请解释图片中元素的组织结构、层级和相互关系。如果是表格，请解释行列关系；如果是公式，请解释分子、分母和符号关系；如果是UI、Logo或自然场景，请解释界面层级、几何组成或空间关系。不要补充图片中不存在的数值或对象。,"这张图片展示了一个物理公式，公式如下：

\[ \gamma = \frac{m c^2}{\sqrt{1 - \frac{v^2}{c^2}}} \]

这个公式是狭义相对论中的洛伦兹因子（γ）的表达式，其中：
- \( m \) 是物体的质量。
- \( c \) 是光速。
- \( v \) 是物体相对于观察者的速度。

公式中的各个部分如下：
- 分子：\( m c^2 \)
- 分母：\( \sqrt{1 - \frac{v^2}{c^2}} \)

分子表示物体在静止状态下的能量（质量乘以光速的平方）。
分母表示速度效应，即当物体接近光速时，其质量会增加，速度的平方与光速的平方的比值会接近1，导致分母接近0，从而使得洛伦兹因子（γ）变得非常大。

这个公式描述了当物体接近光速时，其质量会增加，能量也会增加，这是狭义相对论的一个重要结论。",PASS,,357,233,6.862,6.844,16118.735,weak,severe,分数和根号层级识别到位，但将公式重构为 γ=mc²/√(1-v²/c²)，并扩展到洛伦兹因子、质量增加等物理结论；图像并不支持这些关键解释。,codex_assisted_visual_review,eed13092ef92e448dd6875b2a00151bd3f7db0ac,f8e0a95c9ad7e321ad8beae1e0206d11f86d1c8c4e82a797fa14c1fbdbe3fd0d,0d1f0f59fce9b688f9445b0b4fee4c0c38d1bec4c4e3e4910efb34b3d7bb513d,2026-08-18T15:43:24.811998+00:00
d23-formula-aesthetic,19,w5-formula-01,handwritten_formula,aesthetic_review,d23-prompt-04,请从构图、色彩、对比度、视觉层级、清晰度和可读性方面评价这张图片。请区分可见的视觉事实与主观评价，并简要说明评价依据。,"### 构图
- **评价**：构图较为简洁，主要焦点集中在公式上，没有其他无关的元素干扰视线。
- **依据**：构图清晰，公式占据了图片的大部分空间，使得观众的注意力集中在公式本身。

### 色彩
- **评价**：色彩较为单一，主要为灰色和白色，没有明显的色彩对比。
- **依据**：色彩选择较为保守，符合公式图片的常见风格，没有过多的色彩干扰。

### 对比度
- **评价**：对比度适中，公式和背景之间的差异清晰，易于阅读。
- **依据**：公式和背景之间的明暗对比明显，使得公式在图片中显得突出。

### 视觉层级
- **评价**：视觉层级明确，公式作为主要元素占据了视觉层级的最高位置。
- **依据**：公式在图片中占据了大部分空间，且没有其他元素干扰，使得公式成为视觉层级的焦点。

### 清晰度
- **评价**：清晰度较高，公式中的每个符号和字母都清晰可见。
- **依据**：图片中的文字和符号没有模糊或失真，清晰度高，易于辨认。

### 可读性
- **评价**：可读性高，公式中的每个符号和字母都清晰可见，易于理解。
- **依据**：文字和符号的清晰度高，没有模糊或失真，且颜色对比度适中，使得公式易于阅读和理解。

### 总结
这张图片在构图、色彩、对比度、视觉层级、清晰度和可读性方面都表现良好。公式占据了图片的大部分空间，没有其他无关的元素干扰视线，色彩选择较为保守，对比度适中，视觉层级明确，清晰度高，可读性好。总体来说，这是一张高质量的公式图片。",PASS,,336,393,11.452,11.435,16118.955,acceptable,none,能基于单色、居中分式、背景和笔迹评价构图与对比；对清晰度略显乐观，但属于有依据的主观评价。,codex_assisted_visual_review,eed13092ef92e448dd6875b2a00151bd3f7db0ac,f8e0a95c9ad7e321ad8beae1e0206d11f86d1c8c4e82a797fa14c1fbdbe3fd0d,0d1f0f59fce9b688f9445b0b4fee4c0c38d1bec4c4e3e4910efb34b3d7bb513d,2026-08-18T15:43:36.265103+00:00
d23-formula-implicit,20,w5-formula-01,handwritten_formula,implicit_reasoning,d23-prompt-05,请根据图片中可见的证据，推理最多3条可能的隐含信息。每条必须分别写明“图像证据”“合理推断”和“不确定性”。如果图像证据不足，请明确说明，不要把猜测当成事实。,"图像证据：图片中显示了一个数学公式，公式中包含了一些符号和变量，但具体是什么公式并不清楚。

合理推断：
1. 这个公式可能与物理学或数学中的某个公式有关，因为公式中包含了一些常见的物理和数学符号。
2. 公式中的变量可能代表物理量，如速度、加速度、质量等。
3. 公式可能是一个方程，用于描述某种物理现象或数学关系。

不确定性：
1. 公式的具体含义和应用领域需要进一步确认，因为图片中没有提供足够的信息。
2. 公式中的变量和符号的具体含义需要进一步解释，因为图片中没有提供足够的上下文信息。
3. 公式可能有多种解释和应用，因为图片中没有提供足够的上下文信息。",PASS,,347,168,5.002,4.977,16118.737,strong,none,没有强行确定公式身份，只提出物理/数学关系的有限可能性，并明确变量含义与应用领域需要上下文确认。,codex_assisted_visual_review,eed13092ef92e448dd6875b2a00151bd3f7db0ac,f8e0a95c9ad7e321ad8beae1e0206d11f86d1c8c4e82a797fa14c1fbdbe3fd0d,0d1f0f59fce9b688f9445b0b4fee4c0c38d1bec4c4e3e4910efb34b3d7bb513d,2026-08-18T15:43:41.268151+00:00
d23-ui-description,21,w5-ui-01,ui_interface,description,d23-prompt-01,请描述图片中可见的主要内容，包括主要对象、属性和位置关系。只陈述图像能够支持的事实；无法确认的信息请明确说明，不要猜测。,"图片显示的是一个文本编辑器窗口，具体来说是LibreOffice Writer。以下是图片中可见的主要内容：

1. **窗口标题栏**：
   - 标题栏显示“test.odt - LibreOffice Writer”，表示当前打开的文件是名为“test”的ODT文件。

2. **工具栏**：
   - 工具栏位于窗口顶部，包含多个按钮，用于执行各种编辑和格式化操作。

3. **文档内容**：
   - 文档内容显示在编辑区域中，包含多段文本。每段文本的左侧有一个小矩形框，框内显示了段落的类型（如“Content”、“M”、“O”等）和日期（如“2012-01-01”）。

4. **段落类型**：
   - 文档中存在不同类型的段落，如“Content”、“M”、“O”等，这些可能是不同的文档部分或章节。

5. **日期**：
   - 每个段落的左侧都有一个日期，如“2012-01-01”，这可能是段落创建或编辑的日期。

6. **页面导航**：
   - 工具栏中有一个页面导航按钮，显示当前页面为第1页。

7. **文字计数**：
   - 工具栏中显示“Words: 20”，表示文档中有20个单词。

8. **字体和大小**：
   - 文档中的字体设置为“Times New Roman”，字体大小为12。

9. **页面视图**：
   - 工具栏中有一个页面视图按钮，显示当前视图模式为“100%”。

10. **文档区域**：
    - 文档区域显示了文档的文本内容，文本内容是用拉丁字母写的，可能是英文或其他拉丁语系的语言。

11. **文档状态**：
    - 文档状态栏显示“Default”和“Hungarian”，可能表示文档的默认设置和当前使用的语言。

12. **文档格式**：
    - 文档格式为ODT（OpenDocument Text），这是LibreOffice Writer支持的文档格式之一。

13. **文档编辑**：
    - 文档编辑区域显示了文档的编辑状态，包括选中的文本和编辑工具。

14. **文档保存**：
    - 文档保存按钮位于工具栏中，用于保存文档。

15. **文档打开**：
    - 文档打开按钮位于工具栏中，用于打开文档。

16. **文档关闭**：
    - 文档关闭按钮位于工具栏中，用于关闭文档。

17. **文档打印**：
    - 文档打印按钮位于工具栏中，用于打印文档。

18. **文档预览**：
    - 文档预览按钮位于工具栏中，用于预览文档。

19. **文档搜索**：
    - 文档搜索按钮位于工具栏中，用于搜索文档。

20. **文档帮助**：
    - 文档帮助按钮位于工具栏中，用于获取文档帮助。

21. **文档保存**：
    - 文档保存按钮位于工具栏中，用于保存文档。

22. **文档打印**：
    - 文档打印按钮位于工具栏中，用于打印文档。

23. **文档预览**：
    - 文档预览按钮位于工具栏中，用于预览文档。

24. **文档搜索**：
    - 文档搜索按钮位于工具栏中，用于搜索文档。

25. **文档帮助**：
    - 文档帮助按钮位于工具栏中，用于获取文档帮助。

26. **文档保存**：
    - 文档保存按钮位于工具栏中，用于保存文档。

27. **文档打印**：
    - 文档打印按钮位于工具栏中，用于打印文档。

28. **文档预览**：
    - 文档预览按钮位于工具栏中，用于预览文档。

29. **文档搜索**：
    - 文档搜索按钮位于工具栏中，用于搜索文档。

30. **文档帮助**：
    - 文档帮助按钮位于工具栏中，用于获取文档帮助。

31. **文档保存**：
    - 文档保存按钮位于工具栏中，用于保存文档。

32. **文档打印**：
    - 文档打印按钮位于工具栏中，用于打印文档。

33. **文档预览**：
    - 文档预览按钮位于工具栏中，用于预览文档。

34. **文档搜索**：
    - 文档搜索按钮位于工具栏中，用于搜索文档。

35. **文档帮助**：
    - 文档帮助按钮位于工具栏中，用于获取文档帮助。

36. **文档保存",PASS,,423,1024,29.55,29.486,16328.206,weak,severe,开头正确识别 LibreOffice Writer、test.odt、正文和部分状态栏，但随后虚构左侧日期 2012-01-01、段落框及大量保存/打印/预览/搜索/帮助项并循环至 token 上限。,codex_assisted_visual_review,eed13092ef92e448dd6875b2a00151bd3f7db0ac,d3e71d6ffe92e4fed0bfd105a1279b7f5b79ace707d4c72a03f14185ef3c3220,0d1f0f59fce9b688f9445b0b4fee4c0c38d1bec4c4e3e4910efb34b3d7bb513d,2026-08-18T15:44:10.819400+00:00
d23-ui-ocr,22,w5-ui-01,ui_interface,ocr,d23-prompt-02,请提取图片中所有可识别的文字、数字和数学符号，并尽量保留原有的行列或层级结构。无法辨认的部分请标记为[无法辨认]；如果没有可识别文字，请明确说明。,"以下是图片中所有可识别的文字、数字和数学符号的提取结果：

```
Lorem ipsum dolor sit amet, consectetur adipiscing elit. Integer risus tortor, rutrum non placerat
sodales vitae velit. Donec gravida feugiat varius, vel vulputate cursus auctor, et tortor. Sed
placerat ultrices tristique. Duis placerat ultrices tristique. Duis placerat ultrices tristique.
Integer risus tortor, rutrum non placerat sodales vitae velit. Donec gravida feugiat varius, vel
vulputate cursus auctor, et tortor. Sed placerat ultrices tristique. Duis placerat ultrices tristique.
Integer risus tortor, rutrum non placerat sodales vitae velit. Donec gravida feugiat varius, vel
vulputate cursus auctor, et tortor. Sed placerat ultrices tristique. Duis placerat ultrices tristique.
Integer risus tortor, rutrum non placerat sodales vitae velit. Donec gravida feugiat varius, vel
vulputate cursus auctor, et tortor. Sed placerat ultrices tristique. Duis placerat ultrices tristique.
Integer risus tortor, rutrum non placerat sodales vitae velit. Donec gravida feugiat varius, vel
vulputate cursus auctor, et tortor. Sed placerat ultrices tristique. Duis placerat ultrices tristique.
Integer risus tortor, rutrum non placerat sodales vitae velit. Donec gravida feugiat varius, vel
vulputate cursus auctor, et tortor. Sed placerat ultrices tristique. Duis placerat ultrices tristique.
Integer risus tortor, rutrum non placerat sodales vitae velit. Donec gravida feugiat varius, vel
vulputate cursus auctor, et tortor. Sed placerat ultrices tristique. Duis placerat ultrices tristique.
Integer risus tortor, rutrum non placerat sodales vitae velit. Donec gravida feugiat varius, vel
vulputate cursus auctor, et tortor. Sed placerat ultrices tristique. Duis placerat ultrices tristique.
Integer risus tortor, rutrum non placerat sodales vitae velit. Donec gravida feugiat varius, vel
vulputate cursus auctor, et tortor. Sed placerat ultrices tristique. Duis placerat ultrices tristique.
Integer risus tortor, rutrum non placerat sodales vitae velit. Donec gravida feugiat varius, vel
vulputate cursus auctor, et tortor. Sed placerat ultrices tristique. Duis placerat ultrices tristique.
Integer risus tortor, rutrum non placerat sodales vitae velit. Donec gravida feugiat varius, vel
vulputate cursus auctor, et tortor. Sed placerat ultrices tristique. Duis placerat ultrices tristique.
Integer risus tortor, rutrum non placerat sodales vitae velit. Donec gravida feugiat varius, vel
vulputate cursus auctor, et tortor. Sed placerat ultrices tristique. Duis placerat ultrices tristique.
Integer risus tortor, rutrum non placerat sodales vitae velit. Donec gravida feugiat varius, vel
vulputate cursus auctor, et tortor. Sed placerat ultrices tristique. Duis placerat ultrices tristique.
Integer risus tortor, rutrum non placerat sodales vitae velit. Donec gravida feugiat varius, vel
vulputate cursus auctor, et tortor. Sed placerat ultrices tristique. Duis placerat ultrices tristique.
Integer risus tortor, rutrum non placerat sodales vitae velit. Donec gravida feugiat varius, vel
vulputate cursus auctor, et tortor. Sed placerat ultrices tristique. Duis placerat ultrices tristique.
Integer risus tortor, rutrum non placerat sodales vitae velit. Donec gravida feugiat varius, vel
vulputate cursus auctor, et tortor. Sed placerat ultrices tristique. Duis placerat ultrices tristique.
Integer risus tortor, rutrum non placerat sodales vitae velit. Donec gravida feugiat varius, vel
vulputate cursus auctor, et tortor. Sed placerat ultrices tristique. Duis placerat ultrices tristique.
Integer risus tortor, rutrum non placerat sodales vitae velit. Donec",PASS,,432,1024,29.643,29.573,16327.807,weak,severe,未转写标题栏、菜单、评论 M/N/O、(no date) 和状态栏，反而把正文短语重复扩写十余次并在 1024 token 处截断，严重虚构文字出现次数。,codex_assisted_visual_review,eed13092ef92e448dd6875b2a00151bd3f7db0ac,d3e71d6ffe92e4fed0bfd105a1279b7f5b79ace707d4c72a03f14185ef3c3220,0d1f0f59fce9b688f9445b0b4fee4c0c38d1bec4c4e3e4910efb34b3d7bb513d,2026-08-18T15:44:40.464050+00:00
d23-ui-structure,23,w5-ui-01,ui_interface,structure_explanation,d23-prompt-03,请解释图片中元素的组织结构、层级和相互关系。如果是表格，请解释行列关系；如果是公式，请解释分子、分母和符号关系；如果是UI、Logo或自然场景，请解释界面层级、几何组成或空间关系。不要补充图片中不存在的数值或对象。,"这张图片显示的是一个文本编辑器的界面，具体来说是LibreOffice Writer。界面中包含以下元素：

1. **标题栏**：显示文件名“test.odt - LibreOffice Writer”和文档状态信息。
2. **菜单栏**：包含多个菜单选项，如“File”、“Edit”、“View”、“Insert”、“Format”、“Table”、“Tools”、“Window”和“Help”。
3. **工具栏**：包含各种工具按钮，如保存、撤销、重做、剪切、复制、粘贴、查找和替换等。
4. **状态栏**：显示文档的页数、字数和当前选中的文字。
5. **文档编辑区域**：显示文档内容，包括段落、标题和文本。
6. **导航栏**：位于文档编辑区域的右侧，显示文档的导航选项，如“Content”、“M”、“O”等。
7. **工具栏和文档编辑区域之间的区域**：显示文档的缩略图和导航选项。

这些元素的组织结构和层级关系如下：

- **层级关系**：从上到下依次是标题栏、菜单栏、工具栏、状态栏、文档编辑区域和导航栏。
- **相互关系**：每个元素之间通过鼠标点击、拖动或使用快捷键进行交互。例如，用户可以通过工具栏中的按钮进行文字编辑，通过文档编辑区域查看和修改文档内容，通过导航栏进行文档导航。

这个界面的设计目的是提供一个直观和易于使用的文本编辑环境，用户可以通过各种工具和选项来编辑和管理文档。",PASS,,450,339,9.967,9.897,16328.685,acceptable,minor,标题栏、菜单栏、工具栏、编辑区和状态栏层级基本正确；把右侧四个评论框误称导航栏，并加入缩略图等未见元素。,codex_assisted_visual_review,eed13092ef92e448dd6875b2a00151bd3f7db0ac,d3e71d6ffe92e4fed0bfd105a1279b7f5b79ace707d4c72a03f14185ef3c3220,0d1f0f59fce9b688f9445b0b4fee4c0c38d1bec4c4e3e4910efb34b3d7bb513d,2026-08-18T15:44:50.432344+00:00
d23-ui-aesthetic,24,w5-ui-01,ui_interface,aesthetic_review,d23-prompt-04,请从构图、色彩、对比度、视觉层级、清晰度和可读性方面评价这张图片。请区分可见的视觉事实与主观评价，并简要说明评价依据。,"这张图片展示了一个文本编辑器的界面，具体是LibreOffice Writer。以下是从构图、色彩、对比度、视觉层级、清晰度和可读性方面对这张图片的评价：

### 构图
- **布局**：界面布局清晰，功能按钮和工具栏整齐排列，用户可以很容易地找到所需的功能。
- **视觉平衡**：界面元素分布均匀，没有明显的偏重或失衡。

### 色彩
- **主色调**：界面主要使用了灰色和白色，给人一种简洁和专业的感觉。
- **强调色**：工具栏和按钮使用了不同的颜色，如蓝色、绿色、红色等，用于区分不同的功能和状态。

### 对比度
- **高对比度**：文本和背景之间的对比度较高，使得文本清晰易读。
- **按钮和图标**：按钮和图标与背景之间的对比度也很高，使得用户可以轻松识别和操作。

### 视觉层级
- **重要性**：界面元素按照重要性进行了分层，如工具栏、文档区域、状态栏等，用户可以快速找到所需的功能。
- **层次清晰**：通过不同的颜色和布局，界面元素之间的层次关系清晰可见。

### 清晰度
- **清晰度**：界面元素清晰，没有模糊或失真。
- **细节**：按钮和图标上的文字和图形清晰可见，用户可以轻松识别。

### 可读性
- **文本**：文档区域的文本清晰易读，字体大小适中，行距和段落间距合理。
- **按钮和图标**：按钮和图标上的文字和图形清晰可见，用户可以轻松识别和操作。

### 总结
这张图片展示的LibreOffice Writer界面在构图、色彩、对比度、视觉层级、清晰度和可读性方面都表现良好。界面设计简洁明了，功能布局合理，色彩搭配和谐，对比度适中，视觉层级清晰，整体上提供了良好的用户体验。",PASS,,429,424,12.43,12.367,16327.981,acceptable,none,对灰白主色、彩色图标、文本对比和功能分区的评价有图像依据；较为泛化且遗漏右侧彩色评论框，但未虚构关键事实。,codex_assisted_visual_review,eed13092ef92e448dd6875b2a00151bd3f7db0ac,d3e71d6ffe92e4fed0bfd105a1279b7f5b79ace707d4c72a03f14185ef3c3220,0d1f0f59fce9b688f9445b0b4fee4c0c38d1bec4c4e3e4910efb34b3d7bb513d,2026-08-18T15:45:02.863803+00:00
d23-ui-implicit,25,w5-ui-01,ui_interface,implicit_reasoning,d23-prompt-05,请根据图片中可见的证据，推理最多3条可能的隐含信息。每条必须分别写明“图像证据”“合理推断”和“不确定性”。如果图像证据不足，请明确说明，不要把猜测当成事实。,"图像证据：图片显示了一个文本编辑器窗口，其中包含多行文本和一些标记。

合理推断：
1. **用户正在编辑文档**：窗口中显示了多行文本，这表明用户正在编辑一个文档。
2. **文档可能包含多个部分**：窗口中有一些标记，可能是用来区分文档的不同部分，如标题、正文等。
3. **用户可能正在使用文档管理功能**：窗口中有一些工具栏选项，如“插入”、“格式”等，这表明用户可能正在使用文档管理功能，如添加图片、表格等。

不确定性：
1. **文档的具体内容**：图片中显示的文本是占位符文本，无法确定文档的具体内容。
2. **标记的具体用途**：图片中显示的标记可能是用户自定义的，也可能是软件默认的标记，具体用途无法确定。
3. **用户的具体操作**：图片中显示的用户操作无法确定，只能推测用户可能正在编辑文档。",PASS,,440,206,6.15,6.085,16328.678,strong,none,正确推断用户正在编辑带占位文本的文档，并把文档用途、评论标记用途和具体操作都明确列为无法确定。,codex_assisted_visual_review,eed13092ef92e448dd6875b2a00151bd3f7db0ac,d3e71d6ffe92e4fed0bfd105a1279b7f5b79ace707d4c72a03f14185ef3c3220,0d1f0f59fce9b688f9445b0b4fee4c0c38d1bec4c4e3e4910efb34b3d7bb513d,2026-08-18T15:45:09.015114+00:00
