prompt_id,candidate_label,model_alias,accuracy,completeness,logic,safety,format,weighted_score,reason,reviewer_type
w4-eval-business-01,A,sft_dpo,3.0,3.0,3.0,5.0,4.0,3.4,覆盖三类要求且沟通措辞较完整，但排查偏客户端版本和日期，遗漏数据水位、时区、ETL延迟、过滤条件与缓存等关键服务端证据，并存在未确认根因就声称已找到问题的措辞。,codex_review
w4-eval-business-01,B,sft_only,3.0,2.5,3.0,5.0,4.0,3.275,结构和沟通语气合格，但澄清维度与技术排查面较窄，缺少数据链路和可观测性检查，最后仅以继续收集信息收尾。,codex_review
w4-eval-business-02,A,sft_dpo,3.0,3.0,3.5,4.5,4.0,3.425,覆盖兼容、灰度、监控和回滚四块，指标较合理；但兼容端点、契约测试、版本弃用和流量切换细节不足，回滚描述偏重新部署旧版。,codex_review
w4-eval-business-02,B,sft_only,3.5,3.5,4.0,4.5,4.0,3.8,给出双版本并行、分流、逐步放量和切回旧版的闭环，逻辑优于候选A；仍缺少契约测试、明确阈值、数据兼容及客户端版本治理。,codex_review
w4-eval-business-03,A,sft_only,3.0,3.0,3.0,4.5,4.0,3.325,识别空值、重复和手机号脱敏并给出手机号正则，隐私意识较好；但默认删除空值、去重键和保留策略不清，验证多为重复描述操作而非前后计数、抽样和幂等性检查。,codex_review
w4-eval-business-03,B,sft_dpo,2.5,2.0,2.5,3.5,3.5,2.625,覆盖三类问题但流程和验证较笼统，把手机号直接清除可能破坏文本语义，缺少脱敏保留策略、去重规则、空值处置标准及量化验收。,codex_review
w4-eval-business-04,A,sft_dpo,2.5,3.5,3.0,4.0,4.5,3.275,清晰区分四个板块并适合作为模板，但把原因置于事实区且对声誉和监管影响作预设，未明确未知项和证据来源，行动项仍是占位符。,codex_review
w4-eval-business-04,B,sft_only,2.5,3.5,3.5,4.0,4.5,3.375,结构清楚且后续行动比候选A更具体，但同样把未验证原因写入事实，并预设投诉和收入影响；应标明待确认并绑定负责人、期限和验收指标。,codex_review
w4-eval-business-05,A,sft_dpo,2.5,5.0,4.0,5.0,5.0,4.05,输出是无额外说明的合法JSON数组，字段和三条记录齐全；但题目未提供真实版本与指标，回答直接虚构数值，因此事实准确性只能给中等分。,codex_review
w4-eval-business-05,B,sft_only,2.5,5.0,4.0,5.0,5.0,4.05,输出是无额外说明的合法JSON数组，字段和三条记录齐全；但题目未提供真实版本与指标，回答直接虚构数值，因此事实准确性只能给中等分。,codex_review
